etid,name,hv,cat,desc,datasheet
,CD4000,0,CMOS 4000 Series Logic Gates,DUAL 3-INPUTÊNOR GATEÊ+ 1ÊNOT GATE,
,CD4001,0,CMOS 4000 Series Logic Gates,QUAD 2-INPUT NOR GATE,
,CD4002,0,CMOS 4000 Series Logic Gates,DUAL 4-INPUT NOR GATE,
,CD4006,0,CMOS 4000 Series Logic Gates,18-STAGEÊSTATIC SHIFT REGISTER,
,CD4007,0,CMOS 4000 Series Logic Gates,DUAL COMPLEMENTARY PAIR + 1ÊNOT GATE,
,CD4008,0,CMOS 4000 Series Logic Gates,4-BIT BINARY FULLÊADDER,
,CD4009,0,CMOS 4000 Series Logic Gates,HEX INVERTINGÊBUFFERÊ(REPLACED BY 4049),
,CD4010,0,CMOS 4000 Series Logic Gates,HEX NON-INVERTING BUFFER/CONVERTER (TO REPLACED BY 4050),
,CD4011,0,CMOS 4000 Series Logic Gates,QUAD 2-INPUTÊNAND GATE,
,CD4012,0,CMOS 4000 Series Logic Gates,DUAL 4-INPUT NAND GATE,
,CD4013,0,CMOS 4000 Series Logic Gates,DUAL D-TYPEÊFLIP-FLOP,
,CD4014,0,CMOS 4000 Series Logic Gates,8-STAGE STATIC SHIFT REGISTER,
,CD4015,0,CMOS 4000 Series Logic Gates,DUAL 4-STAGE SHIFT REGISTER,
,CD4016,0,CMOS 4000 Series Logic Gates,QUADÊBILATERAL SWITCH,
,CD4017,0,CMOS 4000 Series Logic Gates,DECADE COUNTER WITH 10 DECODED OUTPUTS (5-STAGEÊJOHNSON COUNTER),
,CD4018,0,CMOS 4000 Series Logic Gates,PRESETTABLE DIVIDE-BY-N COUNTER,
,CD4019,0,CMOS 4000 Series Logic Gates,QUAD AND/OR SELECTÊGATE,
,CD4020,0,CMOS 4000 Series Logic Gates,14-STAGEÊBINARY RIPPLE COUNTER,
,CD4021,0,CMOS 4000 Series Logic Gates,8-STAGE SHIFT REGISTER,
,CD4022,0,CMOS 4000 Series Logic Gates,OCTAL COUNTER WITH 8 DECODED OUTPUTS (4-STAGE JOHNSON COUNTER),
,CD4023,0,CMOS 4000 Series Logic Gates,TRIPLE 3-INPUT NAND GATE,
,CD4024,0,CMOS 4000 Series Logic Gates,7-STAGEÊBINARY RIPPLE COUNTER,
,CD4025,0,CMOS 4000 Series Logic Gates,TRIPLE 3-INPUT NOR GATE,
,CD4026,0,CMOS 4000 Series Logic Gates,DECADE COUNTER WITH DECODEDÊ7-SEGMENT DISPLAY OUTPUTSÊAND DISPLAY ENABLE,
,CD4027,0,CMOS 4000 Series Logic Gates,DUAL J-K MASTER-SLAVE FLIP-FLOP,
,CD4028,0,CMOS 4000 Series Logic Gates,BCD TO DECIMAL (1-OF-10) DECODER,
,CD4029,0,CMOS 4000 Series Logic Gates,"PRESETTABLE UP/DOWN COUNTER, BINARY OR BCD-DECADE",
,CD4030,0,CMOS 4000 Series Logic Gates,QUADÊXORÊGATE (REPLACED BY 4070),
,CD4031,0,CMOS 4000 Series Logic Gates,64-STAGE SHIFT REGISTER,
,CD4032,0,CMOS 4000 Series Logic Gates,TRIPLE SERIAL ADDER,
,CD4033,0,CMOS 4000 Series Logic Gates,DECADE COUNTER WITH DECODED 7-SEGMENT DISPLAY OUTPUTS AND RIPPLE BLANKING,
,CD4034,0,CMOS 4000 Series Logic Gates,8-STAGE BIDIRECTIONAL PARALLEL/SERIAL INPUT/OUTPUT REGISTER,
,CD4035,0,CMOS 4000 Series Logic Gates,4-STAGE PARALLEL-IN/PARALLEL-OUT SHIFT REGISTER,
,CD4038,0,CMOS 4000 Series Logic Gates,TRIPLE SERIAL ADDER,
,CD4040,0,CMOS 4000 Series Logic Gates,12-STAGE BINARY RIPPLE COUNTER,
,CD4041,0,CMOS 4000 Series Logic Gates,QUAD TRUE/COMPLEMENT BUFFER,
,CD4042,0,CMOS 4000 Series Logic Gates,QUAD D-TYPE LATCH,
,CD4043,0,CMOS 4000 Series Logic Gates,QUAD NORÊR/S LATCHÊWITHÊTRI-STATEÊOUTPUTS,
,CD4044,0,CMOS 4000 Series Logic Gates,QUAD NAND R/S LATCH WITH TRI-STATE OUTPUTS,
,CD4045,0,CMOS 4000 Series Logic Gates,21-STAGE COUNTER,
,CD4046,0,CMOS 4000 Series Logic Gates,PHASE-LOCKED LOOPÊWITHÊVCO,
,CD4047,0,CMOS 4000 Series Logic Gates,MONOSTABLE/ASTABLEÊMULTIVIBRATOR,
,CD4048,0,CMOS 4000 Series Logic Gates,3-STATE MULTIFUNCTIONAL EXPANDABLE 8-INPUT GATE (TRI-STATE OUTPUT),
,CD4049,0,CMOS 4000 Series Logic Gates,HEX INVERTER,
,CD4050,0,CMOS 4000 Series Logic Gates,HEX BUFFER/CONVERTER (NON-INVERTING),
,CD4051,0,CMOS 4000 Series Logic Gates,8-CHANNEL ANALOG MULTIPLEXER/DEMULTIPLEXER,
,CD4052,0,CMOS 4000 Series Logic Gates,DUAL 4-CHANNEL ANALOG MULTIPLEXER/DEMULTIPLEXER,
,CD4053,0,CMOS 4000 Series Logic Gates,TRIPLE 2-CHANNEL ANALOG MULTIPLEXER/DEMULTIPLEXER,
,CD4054,0,CMOS 4000 Series Logic Gates,4-SEGMENTÊLCDÊDRIVER,
,CD4055,0,CMOS 4000 Series Logic Gates,"BCD TO 7-SEGMENT DECODER/LCD DRIVER WITH ""DISPLAY-FREQUENCY"" OUTPUT",
,CD4056,0,CMOS 4000 Series Logic Gates,BCD TO 7-SEGMENT DECODER/LCD DRIVER WITH STROBED-LATCH FUNCTION,
,CD4059,0,CMOS 4000 Series Logic Gates,PROGRAMMABLE DIVIDE-BY-N COUNTER,
,CD4060,0,CMOS 4000 Series Logic Gates,14-STAGE BINARY RIPPLE COUNTER ANDÊOSCILLATOR,
,CD4062,0,CMOS 4000 Series Logic Gates,LOGIC DUAL 3 MAJORITY GATE,
,CD4063,0,CMOS 4000 Series Logic Gates,4-BITÊDIGITAL COMPARATOR,
,CD4066,0,CMOS 4000 Series Logic Gates,"QUADÊANALOG SWITCHÊ(LOW ""ON"" RESISTANCE)",
,CD4067,0,CMOS 4000 Series Logic Gates,16-CHANNEL ANALOG MULTIPLEXER/DEMULTIPLEXER (1-OF-16 SWITCH),
,CD4068,0,CMOS 4000 Series Logic Gates,8-INPUT NAND GATE,
,CD4069,0,CMOS 4000 Series Logic Gates,HEX INVERTER,
,CD4070,0,CMOS 4000 Series Logic Gates,QUAD 2-INPUTÊXOR GATE,
,CD4071,0,CMOS 4000 Series Logic Gates,QUAD 2-INPUTÊOR GATE,
,CD4072,0,CMOS 4000 Series Logic Gates,DUAL 4-INPUT OR GATE,
,CD4073,0,CMOS 4000 Series Logic Gates,TRIPLE 3-INPUTÊAND GATE,
,CD4075,0,CMOS 4000 Series Logic Gates,TRIPLE 3-INPUT OR GATE,
,CD4076,0,CMOS 4000 Series Logic Gates,QUAD D-TYPE REGISTER WITH TRI-STATE OUTPUTS,
,CD4077,0,CMOS 4000 Series Logic Gates,QUAD 2-INPUTÊXNOR GATE,
,CD4078,0,CMOS 4000 Series Logic Gates,8-INPUT NOR/OR GATE,
,CD4081,0,CMOS 4000 Series Logic Gates,QUAD 2-INPUT AND GATE,
,CD4082,0,CMOS 4000 Series Logic Gates,DUAL 4-INPUT AND GATE,
,CD4085,0,CMOS 4000 Series Logic Gates,"DUAL 2-WIDE, 2-INPUT AND/OR INVERT (AOI)",
,CD4086,0,CMOS 4000 Series Logic Gates,"6-WIDE AND-NOR, EXPANDABLE 4-WIDE, 2-INPUT AND/OR INVERT (AOI)",
,CD4089,0,CMOS 4000 Series Logic Gates,BINARY RATE MULTIPLIER,
,CD4093,0,CMOS 4000 Series Logic Gates,QUAD 2-INPUTÊSCHMITT TRIGGERÊNAND GATE,
,CD4094,0,CMOS 4000 Series Logic Gates,8-STAGE SHIFT-AND-STORE BUS,
,CD4095,0,CMOS 4000 Series Logic Gates,GATED J-K FLIP-FLOP (NON-INVERTING),
,CD4096,0,CMOS 4000 Series Logic Gates,GATED J-K FLIP-FLOP (INVERTING AND NON-INVERTING),
,CD4097,0,CMOS 4000 Series Logic Gates,DIFFERENTIAL 8-CHANNEL ANALOG MULTIPLEXER/DEMULTIPLEXER,
,CD4098,0,CMOS 4000 Series Logic Gates,DUAL ONE-SHOT MONOSTABLE,
,CD4099,0,CMOS 4000 Series Logic Gates,8-BIT ADDRESSABLE LATCH,
,CD4104,0,CMOS 4000 Series Logic Gates,QUAD LOW-TO-HIGH VOLTAGE TRANSLATOR WITH TRI-STATE OUTPUTS,
,CD4106,0,CMOS 4000 Series Logic Gates,HEX SCHMITT TRIGGER,
,CD4160,0,CMOS 4000 Series Logic Gates,PROGRAMMABLE DECADE COUNTER WITH ASYNCHRONOUS CLEAR,
,CD4161,0,CMOS 4000 Series Logic Gates,4-BIT BINARY COUNTER WITH ASYNCHRONOUS CLEAR,
,CD4162,0,CMOS 4000 Series Logic Gates,DECADE COUNTER WITH SYNCHRONOUS CLEAR,
,CD4163,0,CMOS 4000 Series Logic Gates,"PROGRAMMABLE DECADE COUNTER, 4-BIT BINARY COUNTER WITH SYNCHRONOUS CLEAR",
,CD4174,0,CMOS 4000 Series Logic Gates,HEX D-TYPE FLIP-FLOP,
,CD4175,0,CMOS 4000 Series Logic Gates,QUAD D-TYPE FLIP-FLOP,
,CD4192,0,CMOS 4000 Series Logic Gates,PRESETTABLE UP-DOWN COUNTER,
,CD4402,0,CMOS 4000 Series Logic Gates,DUAL 4 INPUT EXPANDABLE NOR,
,CD4404,0,CMOS 4000 Series Logic Gates,8-STAGE BINARY COUNTER,
,CD4412,0,CMOS 4000 Series Logic Gates,DUAL 4 INPUT EXPANDABLE NAND,
,CD4416,0,CMOS 4000 Series Logic Gates,QUAD ANALOG SWITCH,
,CD4426,0,CMOS 4000 Series Logic Gates,BCD COUNTER WITH 7-SEGMENT DECODER,
,CD4441,0,CMOS 4000 Series Logic Gates,QUAD BUFFER,
,CD4446,0,CMOS 4000 Series Logic Gates,PHASE-LOCKED LOOP,
,CD4449,0,CMOS 4000 Series Logic Gates,HEX INVERTER,
,CD4500,0,CMOS 4000 Series Logic Gates,INDUSTRIAL CONTROL UNIT,
,CD4502,0,CMOS 4000 Series Logic Gates,STROBED HEX INVERTING BUFFER (TRI-STATE),
,CD4503,0,CMOS 4000 Series Logic Gates,HEX NON-INVERTING BUFFER WITH TRI-STATE OUTPUTS,
,CD4504,0,CMOS 4000 Series Logic Gates,HEX VOLTAGE LEVEL SHIFTER FOR TTL-TO-CMOS OR CMOS-TO-CMOS OPERATION,
,CD4505,0,CMOS 4000 Series Logic Gates,"64-BIT, 1-BIT PER WORD RANDOM ACCESS MEMORY (RAM)",
,CD4508,0,CMOS 4000 Series Logic Gates,DUAL 4-BIT LATCH WITH TRI-STATE OUTPUTS,
,CD4510,0,CMOS 4000 Series Logic Gates,PRESETTABLE 4-BIT BCD UP/DOWN COUNTER,
,CD4511,0,CMOS 4000 Series Logic Gates,BCD TO 7-SEGMENT LATCH/DECODER/DRIVER,
,CD4512,0,CMOS 4000 Series Logic Gates,8-INPUT MULTIPLEXER (DATA SELECTOR) WITH TRI-STATE OUTPUT,
,CD4513,0,CMOS 4000 Series Logic Gates,BCD TO 7-SEGMENT LATCH/DECODER/DRIVER (4511 PLUS RIPPLE BLANKING),
,CD4514,0,CMOS 4000 Series Logic Gates,1-OF-16 DECODER/DEMULTIPLEXER ACTIVE HIGH OUTPUT,
,CD4515,0,CMOS 4000 Series Logic Gates,1-OF-16 DECODER/DEMULTIPLEXER ACTIVE LOW OUTPUT,
,CD4516,0,CMOS 4000 Series Logic Gates,PRESETTABLE 4-BIT BINARY UP/DOWN COUNTER,
,CD4517,0,CMOS 4000 Series Logic Gates,DUAL 64-STAGE SHIFT REGISTER,
,CD4518,0,CMOS 4000 Series Logic Gates,DUAL BCD UP COUNTER,
,CD4519,0,CMOS 4000 Series Logic Gates,QUAD 2-INPUT MULTIPLEXER (DATA SELECTOR),
,CD4520,0,CMOS 4000 Series Logic Gates,DUAL 4-BIT BINARY UP COUNTER,
,CD4521,0,CMOS 4000 Series Logic Gates,24-STAGE FREQUENCY DIVIDER,
,CD4522,0,CMOS 4000 Series Logic Gates,PROGRAMMABLE BCD DIVIDE-BY-N COUNTER,
,CD4526,0,CMOS 4000 Series Logic Gates,PROGRAMMABLE 4-BIT BINARY DOWN COUNTER,
,CD4527,0,CMOS 4000 Series Logic Gates,BCD RATE MULTIPLIER,
,CD4528,0,CMOS 4000 Series Logic Gates,DUAL RETRIGGERABLE MONOSTABLE MULTIVIBRATOR WITH RESET,
,CD4529,0,CMOS 4000 Series Logic Gates,DUAL 4-CHANNEL ANALOG DATA SELECTOR/MULTIPLEXER,
,CD4530,0,CMOS 4000 Series Logic Gates,DUAL 5-INPUT MAJORITY LOGICAL GATE,
,CD4531,0,CMOS 4000 Series Logic Gates,12-BIT PARITY TREE,
,CD4532,0,CMOS 4000 Series Logic Gates,8-BITÊPRIORITY ENCODER,
,CD4536,0,CMOS 4000 Series Logic Gates,PROGRAMMABLE TIMER,
,CD4538,0,CMOS 4000 Series Logic Gates,DUAL RETRIGGERABLE PRECISION MONOSTABLE MULTIVIBRATOR,
,CD4539,0,CMOS 4000 Series Logic Gates,DUAL 4-INPUT MULTIPLEXER,
,CD4541,0,CMOS 4000 Series Logic Gates,PROGRAMMABLE TIMER,
,CD4543,0,CMOS 4000 Series Logic Gates,BCD TO 7-SEGMENT LATCH/DECODER/DRIVER WITH PHASE INPUT,
,CD4551,0,CMOS 4000 Series Logic Gates,QUAD 2-CHANNEL ANALOG MULTIPLEXER/DEMULTIPLEXER,
,CD4553,0,CMOS 4000 Series Logic Gates,3-DIGIT BCD COUNTER,
,CD4555,0,CMOS 4000 Series Logic Gates,DUAL 1-OF-4 DECODER/DEMULTIPLEXER ACTIVE HIGH OUTPUT,
,CD4556,0,CMOS 4000 Series Logic Gates,DUAL 1-OF-4 DECODER/DEMULTIPLEXER ACTIVE LOW OUTPUT,
,CD4557,0,CMOS 4000 Series Logic Gates,1-TO-64 BIT VARIABLE LENGTH SHIFT REGISTER,
,CD4558,0,CMOS 4000 Series Logic Gates,"BCD TO 7-SEGMENT DECODER (ENABLE, RBI AND PROVIDES ACTIVEÐHIGH OUTPUT)",
,CD4560,0,CMOS 4000 Series Logic Gates,NBCD ADDER,
,CD4562,0,CMOS 4000 Series Logic Gates,128ÐBIT STATIC SHIFT REGISTER,
,CD4566,0,CMOS 4000 Series Logic Gates,INDUSTRIALÊTIME-BASE GENERATOR,
,CD4569,0,CMOS 4000 Series Logic Gates,"PROGRAMMABLE DIVIDE-BY-N, DUAL 4-BIT BINARY/BCD DOWN COUNTER",
,CD4572,0,CMOS 4000 Series Logic Gates,"HEX GATEÊ: QUAD NOT, SINGLE NAND, SINGLE NOR",
,CD4583,0,CMOS 4000 Series Logic Gates,DUAL SCHMITT TRIGGER,
,CD4584,0,CMOS 4000 Series Logic Gates,HEX INVERTING SCHMITT TRIGGER,
,CD4585,0,CMOS 4000 Series Logic Gates,4-BITÊDIGITAL COMPARATOR,
,CD4724,0,CMOS 4000 Series Logic Gates,8-BIT ADDRESSABLE LATCH,
,CD4750,0,CMOS 4000 Series Logic Gates,FREQUENCY SYNTHESIZER,
,CD4751,0,CMOS 4000 Series Logic Gates,UNIVERSAL DIVIDER,
,CD4794,0,CMOS 4000 Series Logic Gates,8-STAGE SHIFT-AND-STORE REGISTERÊLEDÊDRIVER,
,CD4894,0,CMOS 4000 Series Logic Gates,12-STAGE SHIFT-AND-STORE REGISTER LED DRIVER,
,CD4938,0,CMOS 4000 Series Logic Gates,DUAL RETRIGGERABLE PRECISIONÊMONOSTABLE MULTIVIBRATORÊWITH RESET,
,CD4952,0,CMOS 4000 Series Logic Gates,8-CHANNEL ANALOG MULTIPLEXER/DEMULTIPLEXER,
,CD40098,0,CMOS 4000 Series Logic Gates,HEX 3-STATE INVERTING BUFFER,
,CD40100,0,CMOS 4000 Series Logic Gates,32-BIT LEFT/RIGHT SHIFT REGISTER,
,CD40101,0,CMOS 4000 Series Logic Gates,9-BIT PARITY GENERATOR/CHECKER,
,CD40102,0,CMOS 4000 Series Logic Gates,PRESETTABLE 2-DECADE BCD DOWN COUNTER,
,CD40103,0,CMOS 4000 Series Logic Gates,PRESETTABLE 8-BIT BINARY DOWN COUNTER,
,CD40104,0,CMOS 4000 Series Logic Gates,4-BIT BIDIRECTIONAL PARALLEL-IN/PARALLEL-OUT SHIFT REGISTER (TRI-STATE),
,CD40105,0,CMOS 4000 Series Logic Gates,4-BIT X 16 WORDÊFIFOÊREGISTER,
,CD40106,0,CMOS 4000 Series Logic Gates,HEX INVERTING SCHMITT TRIGGER-(NOT GATES),
,CD40107,0,CMOS 4000 Series Logic Gates,DUAL 2-INPUT NAND BUFFER/DRIVER,
,CD40108,0,CMOS 4000 Series Logic Gates,4X4-BIT (TRI-STATE) SYNCHRONOUS TRIPLE-PORT REGISTER FILE,
,CD40109,0,CMOS 4000 Series Logic Gates,QUAD LEVEL SHIFTER,
,CD40110,0,CMOS 4000 Series Logic Gates,UP/DOWN COUNTER LATCH DECODER DRIVER,
,CD40116,0,CMOS 4000 Series Logic Gates,8-BIT BIDIRECTIONAL CMOS-TO-TTLÊLEVEL CONVERTER,
,CD40117,0,CMOS 4000 Series Logic Gates,PROGRAMMABLE DUAL 4-BIT TERMINATOR,
,CD40147,0,CMOS 4000 Series Logic Gates,10-LINE TO 4-LINE (BCD) PRIORITY ENCODER,
,CD40160,0,CMOS 4000 Series Logic Gates,DECADE COUNTER/ASYNCHRONOUSÊCLEAR,
,CD40161,0,CMOS 4000 Series Logic Gates,BINARY COUNTER/ASYNCHRONOUS CLEAR,
,CD40162,0,CMOS 4000 Series Logic Gates,"4-BITÊSYNCHRONOUSÊDECADE COUNTER WITH LOAD, RESET, ANDÊRIPPLE CARRYÊOUTPUT",
,CD40163,0,CMOS 4000 Series Logic Gates,"4-BIT SYNCHRONOUS BINARY COUNTER WITH LOAD, RESET, AND RIPPLE CARRY OUTPUT",
,CD40174,0,CMOS 4000 Series Logic Gates,HEX D-TYPE FLIP-FLOP,
,CD40175,0,CMOS 4000 Series Logic Gates,QUAD D-TYPE FLIP-FLOP,
,CD40181,0,CMOS 4000 Series Logic Gates,4-BIT 16-FUNCTIONÊARITHMETIC LOGIC UNIT,
,CD40192,0,CMOS 4000 Series Logic Gates,PRESETTABLE 4-BIT UP/DOWN BCD COUNTER,
,CD40193,0,CMOS 4000 Series Logic Gates,PRESETTABLE 4-BIT UP/DOWN BINARY COUNTER,
,CD40194,0,CMOS 4000 Series Logic Gates,4-BIT BIDIRECTIONAL UNIVERSAL SHIFT REGISTER,
,CD40195,0,CMOS 4000 Series Logic Gates,4-BIT UNIVERSAL SHIFT REGISTER,
,CD40208,0,CMOS 4000 Series Logic Gates,4 X 4-BIT (TRI-STATE) SYNCHRONOUS TRIPLE-PORTÊREGISTER FILE,
,CD40240,0,CMOS 4000 Series Logic Gates,BUFFER/LINE DRIVER; INVERTING (TRI-STATE),
,CD40244,0,CMOS 4000 Series Logic Gates,BUFFER/LINE DRIVER; NON-INVERTING (TRI-STATE),
,CD40245,0,CMOS 4000 Series Logic Gates,OCTALÊBUS TRANSCEIVER; (TRI-STATE) OUTPUTS,
,CD40257,0,CMOS 4000 Series Logic Gates,QUAD 2-LINE TO 1-LINE DATA SELECTOR/MULTIPLEXER (TRI-STATE),
,CD40373,0,CMOS 4000 Series Logic Gates,OCTAL D-TYPEÊTRANSPARENT LATCHÊ(TRI-STATE),
,CD40374,0,CMOS 4000 Series Logic Gates,OCTAL D-TYPE FLIP-FLOP; POSITIVE-EDGE TRIGGER (TRI-STATE),
,CD45106,0,CMOS 4000 Series Logic Gates,FREQUENCY SYNTHESIZER,
,74LS00,0,74 LS Series Logic ,QUAD 2-INPUTÊNAND GATE,
,74LS1G00,0,74 LS Series Logic ,SINGLE 2-INPUT NAND GATE,
,74LS01,0,74 LS Series Logic ,QUAD 2-INPUT NAND GATE WITHÊOPEN COLLECTORÊOUTPUTS,
,74LS1G01,0,74 LS Series Logic ,SINGLE 2-INPUT NAND GATE WITHÊOPEN DRAINÊOUTPUT,
,74LS02,0,74 LS Series Logic ,QUAD 2-INPUTÊNORÊGATE,
,74LS1G02,0,74 LS Series Logic ,SINGLE 2-INPUT NOR GATE,
,74LS03,0,74 LS Series Logic ,QUAD 2-INPUT NAND GATE WITH OPEN COLLECTOR OUTPUTS,
,74LS1G03,0,74 LS Series Logic ,SINGLE 2-INPUT NAND GATE WITH OPEN DRAIN OUTPUT,
,74LS04,0,74 LS Series Logic ,HEXÊINVERTER,
,74LS1G04,0,74 LS Series Logic ,SINGLE INVERTER,
,74LS05,0,74 LS Series Logic ,HEX INVERTER WITH OPEN COLLECTOR OUTPUTS,
,74LS1G05,0,74 LS Series Logic ,SINGLE INVERTER WITH OPEN DRAIN OUTPUT,
,74LS06,0,74 LS Series Logic ,HEX INVERTER BUFFER/DRIVER WITH 30ÊV OPEN COLLECTOR OUTPUTS,
,74LS1G06,0,74 LS Series Logic ,SINGLE INVERTING BUFFER/DRIVER WITH OPEN DRAIN OUTPUT,
,74LS07,0,74 LS Series Logic ,HEX BUFFER/DRIVER WITH 30ÊV OPEN COLLECTOR OUTPUTS,
,74LS1G07,0,74 LS Series Logic ,SINGLE NON-INVERTING BUFFER/DRIVER WITH OPEN DRAIN OUTPUT,
,74LS08,0,74 LS Series Logic ,QUAD 2-INPUTÊAND GATE,
,74LS1G08,0,74 LS Series Logic ,SINGLE 2-INPUT AND GATE,
,74LS09,0,74 LS Series Logic ,QUAD 2-INPUT AND GATE WITH OPEN COLLECTOR OUTPUTS,
,74LS1G09,0,74 LS Series Logic ,SINGLE 2-INPUT AND GATE WITH OPEN DRAIN OUTPUT,
,74LS10,0,74 LS Series Logic ,TRIPLE 3-INPUT NAND GATE,
,74LS11,0,74 LS Series Logic ,TRIPLE 3-INPUT AND GATE,
,74LS12,0,74 LS Series Logic ,TRIPLE 3-INPUT NAND GATE WITH OPEN COLLECTOR OUTPUTS,
,74LS13,0,74 LS Series Logic ,DUALÊSCHMITT TRIGGERÊ4-INPUT NAND GATE,
,74LS14,0,74 LS Series Logic ,HEX SCHMITT TRIGGER INVERTER,
,74LS1G14,0,74 LS Series Logic ,SINGLE SCHMITT TRIGGER INVERTER,
,74LS15,0,74 LS Series Logic ,TRIPLE 3-INPUT AND GATE WITH OPEN COLLECTOR OUTPUTS,
,74LS16,0,74 LS Series Logic ,HEX INVERTER BUFFER/DRIVER WITH 15ÊV OPEN COLLECTOR OUTPUTS,
,74LS17,0,74 LS Series Logic ,HEX BUFFER/DRIVER WITH 15ÊV OPEN COLLECTOR OUTPUTS,
,74LS1G17,0,74 LS Series Logic ,SINGLE SCHMITT-TRIGGER BUFFER,
,74LS18,0,74 LS Series Logic ,DUAL 4-INPUT NAND GATE WITH SCHMITT TRIGGER INPUTS,
,74LS19,0,74 LS Series Logic ,HEX SCHMITT TRIGGER INVERTER,
,74LS20,0,74 LS Series Logic ,DUAL 4-INPUT NAND GATE,
,74LS21,0,74 LS Series Logic ,DUAL 4-INPUT AND GATE,
,74LS22,0,74 LS Series Logic ,DUAL 4-INPUT NAND GATE WITH OPEN COLLECTOR OUTPUTS,
,74LS23,0,74 LS Series Logic ,EXPANDABLE DUAL 4-INPUT NOR GATE WITH STROBE,
,74LS24,0,74 LS Series Logic ,QUAD 2-INPUT NAND GATE GATES WITH SCHMITT TRIGGER LINE-RECEIVER INPUTS.,
,74LS25,0,74 LS Series Logic ,DUAL 4-INPUT NOR GATE WITH STROBE,
,74LS26,0,74 LS Series Logic ,QUAD 2-INPUT NAND GATE WITH 15ÊV OPEN COLLECTOR OUTPUTS,
,74LS27,0,74 LS Series Logic ,TRIPLE 3-INPUT NOR GATE,
,74LS1G27,0,74 LS Series Logic ,SINGLE 3-INPUT NOR GATE,
,74LS28,0,74 LS Series Logic ,QUAD 2-INPUT NOR BUFFER,
,74LS30,0,74 LS Series Logic ,8-INPUT NAND GATE,
,74LS31,0,74 LS Series Logic ,HEX DELAY ELEMENTS,
,74LS32,0,74 LS Series Logic ,QUAD 2-INPUTÊOR GATE,
,74LS1G32,0,74 LS Series Logic ,SINGLE 2-INPUT OR GATE,
,74LS33,0,74 LS Series Logic ,QUAD 2-INPUT NOR BUFFER WITH OPEN COLLECTOR OUTPUTS,
,74LS34,0,74 LS Series Logic ,HEX NONINVERTERS,
,74LS35,0,74 LS Series Logic ,HEX NONINVERTERS WITH OPEN-COLLECTOR OUTPUTS,
,74LS36,0,74 LS Series Logic ,QUAD 2-INPUT NOR GATE (DIFFERENTÊPINOUTÊTHAN 7402),
,74LS37,0,74 LS Series Logic ,QUAD 2-INPUT NAND BUFFER,
,74LS38,0,74 LS Series Logic ,QUAD 2-INPUT NAND BUFFER WITH OPEN COLLECTOR OUTPUTS,
,74LS39,0,74 LS Series Logic ,"QUAD 2-INPUT NAND BUFFER WITH OPEN COLLECTOR OUTPUTS, INPUT AND OUTPUT TERMINALS FLIPPED, OTHERWISE FUNCTIONALLY IDENTICAL TO 7438",
,74LS40,0,74 LS Series Logic ,DUAL 4-INPUT NAND BUFFER,
,74LS41,0,74 LS Series Logic ,BCDÊTO DECIMALÊDECODER/NIXIE TUBEÊDRIVER,
,74LS42,0,74 LS Series Logic ,BCD TO DECIMAL DECODER,
,74LS43,0,74 LS Series Logic ,EXCESS-3ÊTO DECIMAL DECODER,
,74LS44,0,74 LS Series Logic ,EXCESS-3-GRAY CODEÊTO DECIMAL DECODER,
,74LS45,0,74 LS Series Logic ,BCD TO DECIMAL DECODER/DRIVER,
,74LS46,0,74 LS Series Logic ,BCD TOÊ7-SEGMENT DISPLAYÊDECODER/DRIVER WITH 30ÊV OPEN COLLECTOR OUTPUTS,
,74LS47,0,74 LS Series Logic ,BCD TO 7-SEGMENT DECODER/DRIVER WITH 15ÊV OPEN COLLECTOR OUTPUTS,
,74LS48,0,74 LS Series Logic ,BCD TO 7-SEGMENT DECODER/DRIVER WITH INTERNAL PULLUPS,
,74LS49,0,74 LS Series Logic ,BCD TO 7-SEGMENT DECODER/DRIVER WITH OPEN COLLECTOR OUTPUTS,
,74LS50,0,74 LS Series Logic ,DUAL 2-WIDE 2-INPUT AND-OR-INVERT GATE (ONE GATE EXPANDABLE),
,74LS51,0,74 LS Series Logic ,DUAL 2-WIDE 2-INPUT AND-OR-INVERT GATE,
,74LS52,0,74 LS Series Logic ,EXPANDABLE 4-WIDE 2-INPUT AND-OR GATE,
,74LS53,0,74 LS Series Logic ,EXPANDABLE 4-WIDE 2-INPUT AND-OR-INVERT GATE,
,74LS54,0,74 LS Series Logic ,3-2-2-3-INPUT AND-OR-INVERT GATE,
,74LS55,0,74 LS Series Logic ,2-WIDE 4-INPUT AND-OR-INVERT GATE (74H VERSION IS EXPANDABLE),
,74LS56,0,74 LS Series Logic ,50:1ÊFREQUENCY DIVIDER,
,74LS57,0,74 LS Series Logic ,60:1 FREQUENCY DIVIDER,
,74LS58,0,74 LS Series Logic ,2-INPUT & 3-INPUT AND-OR GATE,
,74LS59,0,74 LS Series Logic ,2-INPUT & 3-INPUT AND-OR-INVERT GATE,
,74LS60,0,74 LS Series Logic ,DUAL 4-INPUT EXPANDER,
,74LS61,0,74 LS Series Logic ,TRIPLE 3-INPUT EXPANDER,
,74LS62,0,74 LS Series Logic ,3-2-2-3-INPUT AND-OR EXPANDER,
,74LS63,0,74 LS Series Logic ,HEX CURRENT SENSING INTERFACE GATES,
,74LS64,0,74 LS Series Logic ,4-2-3-2-INPUT AND-OR-INVERT GATE,
,74LS65,0,74 LS Series Logic ,4-2-3-2 INPUT AND-OR-INVERT GATE WITH OPEN COLLECTOR OUTPUT,
,74LS68,0,74 LS Series Logic ,DUAL 4-BIT DECADE COUNTERS,
,74LS69,0,74 LS Series Logic ,DUAL 4-BIT BINARY COUNTERS,
,74LS70,0,74 LS Series Logic ,AND-GATED POSITIVE EDGE TRIGGERED J-KÊFLIP-FLOPÊWITH PRESET AND CLEAR,
,74LSH71,0,74 LS Series Logic ,AND-OR-GATED J-K MASTER-SLAVE FLIP-FLOP WITH PRESET,
,74LSL71,0,74 LS Series Logic ,AND-GATED R-S MASTER-SLAVE FLIP-FLOP WITH PRESET AND CLEAR,
,74LS72,0,74 LS Series Logic ,AND GATED J-K MASTER-SLAVE FLIP-FLOP WITH PRESET AND CLEAR,
,74LS73,0,74 LS Series Logic ,DUAL J-K FLIP-FLOP WITH CLEAR,
,74LS74,0,74 LS Series Logic ,DUAL D POSITIVE EDGE TRIGGERED FLIP-FLOP WITH PRESET AND CLEAR,
,74LS75,0,74 LS Series Logic ,4-BIT BISTABLEÊLATCH,
,74LS76,0,74 LS Series Logic ,DUAL J-K FLIP-FLOP WITH PRESET AND CLEAR,
,74LS77,0,74 LS Series Logic ,4-BIT BISTABLE LATCH,
,74LSH78,0,74 LS Series Logic ,"DUAL POSITIVE PULSE TRIGGERED J-K FLIP-FLOP WITH PRESET, COMMON CLOCK, AND COMMON CLEAR",
,74LSL78,0,74 LS Series Logic ,"DUAL POSITIVE PULSE TRIGGERED J-K FLIP-FLOP WITH PRESET, COMMON CLOCK, AND COMMON CLEAR",
,74LSLS78,0,74 LS Series Logic ,"DUAL NEGATIVE EDGE TRIGGERED J-K FLIP-FLOP WITH PRESET, COMMON CLOCK, AND COMMON CLEAR",
,74LS79,0,74 LS Series Logic ,DUAL D FLIP-FLOP,
,74LS1G79,0,74 LS Series Logic ,SINGLE D-TYPE FLIP-FLOP POSITIVE EDGE TRIGGER NON-INVERTING OUTPUT,
,74LS80,0,74 LS Series Logic ,GATEDÊFULL ADDER,
,74LS1G80,0,74 LS Series Logic ,SINGLE D-TYPE FLIP-FLOP POSITIVE EDGE TRIGGER INVERTING OUTPUT,
,74LS81,0,74 LS Series Logic ,16-BITÊRANDOM ACCESS MEMORY,
,74LS82,0,74 LS Series Logic ,2-BIT BINARY FULL ADDER,
,74LS83,0,74 LS Series Logic ,4-BIT BINARY FULL ADDER,
,74LS84,0,74 LS Series Logic ,16-BITÊRANDOM ACCESS MEMORY,
,74LS85,0,74 LS Series Logic ,4-BITÊMAGNITUDE COMPARATOR,
,74LS86,0,74 LS Series Logic ,QUAD 2-INPUTÊXOR GATE,
,74LS1G86,0,74 LS Series Logic ,SINGLE 2-INPUT EXCLUSIVE-OR GATE,
,74LS87,0,74 LS Series Logic ,4-BIT TRUE/COMPLEMENT/ZERO/ONE ELEMENT,
,74LS88,0,74 LS Series Logic ,256-BITÊREAD-ONLY MEMORY,
,74LS89,0,74 LS Series Logic ,64-BIT RANDOM ACCESS MEMORY,
,74LS90,0,74 LS Series Logic ,DECADE COUNTERÊ(SEPARATE DIVIDE-BY-2 AND DIVIDE-BY-5 SECTIONS),
,74LS91,0,74 LS Series Logic ,"8-BITÊSHIFT REGISTER, SERIAL IN, SERIAL OUT, GATED INPUT",
,74LS92,0,74 LS Series Logic ,DIVIDE-BY-12 COUNTER (SEPARATE DIVIDE-BY-2 AND DIVIDE-BY-6 SECTIONS),
,74LS93,0,74 LS Series Logic ,4-BIT BINARY COUNTER (SEPARATE DIVIDE-BY-2 AND DIVIDE-BY-8 SECTIONS),
,74LS94,0,74 LS Series Logic ,"4-BIT SHIFT REGISTER, DUAL ASYNCHRONOUS PRESETS",
,74LS95,0,74 LS Series Logic ,"4-BIT SHIFT REGISTER, PARALLEL IN, PARALLEL OUT, SERIAL INPUT",
,74LS96,0,74 LS Series Logic ,"5-BIT PARALLEL-IN/PARALLEL-OUT SHIFT REGISTER, ASYNCHRONOUS PRESET",
,74LS97,0,74 LS Series Logic ,SYNCHRONOUS 6-BIT BINARY RATE MULTIPLIER,
,74LS1G97,0,74 LS Series Logic ,CONFIGURABLE MULTIPLE-FUNCTION GATE,
,74LS98,0,74 LS Series Logic ,4-BIT DATA SELECTOR/STORAGE REGISTER,
,74LS99,0,74 LS Series Logic ,4-BIT BIDIRECTIONAL UNIVERSAL SHIFT REGISTER,
,74LS100,0,74 LS Series Logic ,DUAL 4-BIT BISTABLE LATCH,
,74LS101,0,74 LS Series Logic ,AND-OR-GATED J-K NEGATIVE-EDGE-TRIGGERED FLIP-FLOP WITH PRESET,
,74LS102,0,74 LS Series Logic ,AND-GATED J-K NEGATIVE-EDGE-TRIGGERED FLIP-FLOP WITH PRESET AND CLEAR,
,74LS103,0,74 LS Series Logic ,DUAL J-K NEGATIVE-EDGE-TRIGGERED FLIP-FLOP WITH CLEAR,
,74LS104,0,74 LS Series Logic ,J-K MASTER-SLAVE FLIP-FLOP,
,74LS105,0,74 LS Series Logic ,J-K MASTER-SLAVE FLIP-FLOP,
,74LS106,0,74 LS Series Logic ,DUAL J-K NEGATIVE-EDGE-TRIGGERED FLIP-FLOP WITH PRESET AND CLEAR,
,74LS107,0,74 LS Series Logic ,DUAL J-K FLIP-FLOP WITH CLEAR,
,74LS107a,0,74 LS Series Logic ,DUAL J-K NEGATIVE-EDGE-TRIGGERED FLIP-FLOP WITH CLEAR,
,74LS108,0,74 LS Series Logic ,"DUAL J-K NEGATIVE-EDGE-TRIGGERED FLIP-FLOP WITH PRESET, COMMON CLEAR, AND COMMON CLOCK",
,74LS109,0,74 LS Series Logic ,DUAL J-NOT-K POSITIVE-EDGE-TRIGGERED FLIP-FLOP WITH CLEAR AND PRESET,
,74LS110,0,74 LS Series Logic ,AND-GATED J-K MASTER-SLAVE FLIP-FLOP WITH DATA LOCKOUT,
,74LS111,0,74 LS Series Logic ,DUAL J-K MASTER-SLAVE FLIP-FLOP WITH DATA LOCKOUT,
,74LS112,0,74 LS Series Logic ,DUAL J-K NEGATIVE-EDGE-TRIGGERED FLIP-FLOP WITH CLEAR AND PRESET,
,74LS113,0,74 LS Series Logic ,DUAL J-K NEGATIVE-EDGE-TRIGGERED FLIP-FLOP WITH PRESET,
,74LS114,0,74 LS Series Logic ,"DUAL J-K NEGATIVE-EDGE-TRIGGERED FLIP-FLOP WITH PRESET, COMMON CLOCK AND CLEAR",
,74LS116,0,74 LS Series Logic ,DUAL 4-BIT LATCH WITH CLEAR,
,74LS118,0,74 LS Series Logic ,HEX SET/RESET LATCH,
,74LS119,0,74 LS Series Logic ,HEX SET/RESET LATCH,
,74LS120,0,74 LS Series Logic ,DUAL PULSE SYNCHRONIZER/DRIVERS,
,74LS121,0,74 LS Series Logic ,MONOSTABLEÊMULTIVIBRATOR,
,74LS122,0,74 LS Series Logic ,RETRIGGERABLE MONOSTABLE MULTIVIBRATOR WITH CLEAR,
,74LS123,0,74 LS Series Logic ,DUAL RETRIGGERABLE MONOSTABLE MULTIVIBRATOR WITH CLEAR,
,74LS1G123,0,74 LS Series Logic ,SINGLE RETRIGGERABLE MONOSTABLE MULTIVIBRATOR WITH CLEAR,
,74LS124,0,74 LS Series Logic ,DUALÊVOLTAGE-CONTROLLED OSCILLATOR,
,74LS125,0,74 LS Series Logic ,"QUAD BUS BUFFER WITHÊTHREE-STATEÊOUTPUTS, NEGATIVE ENABLE",
,74LS1G125,0,74 LS Series Logic ,"BUFFER/LINE DRIVER, THREE-STATE OUTPUT WITH ACTIVE LOW OUTPUT ENABLE",
,74LS126,0,74 LS Series Logic ,"QUAD BUS BUFFER WITH THREE-STATE OUTPUTS, POSITIVE ENABLE",
,74LS1G126,0,74 LS Series Logic ,"BUFFER/LINE DRIVER, THREE-STATE OUTPUT WITH ACTIVE HIGH OUTPUT ENABLE",
,74LS128,0,74 LS Series Logic ,QUAD 2-INPUT NOR LINE DRIVER,
,74LS130,0,74 LS Series Logic ,QUAD 2-INPUT AND GATE BUFFER WITH 30ÊV OPEN COLLECTOR OUTPUTS,
,74LS131,0,74 LS Series Logic ,QUAD 2-INPUT AND GATE BUFFER WITH 15ÊV OPEN COLLECTOR OUTPUTS,
,74LS132,0,74 LS Series Logic ,QUAD 2-INPUT NAND SCHMITT TRIGGER,
,74LS133,0,74 LS Series Logic ,13-INPUT NAND GATE,
,74LS134,0,74 LS Series Logic ,12-INPUT NAND GATE WITH THREE-STATE OUTPUT,
,74LS135,0,74 LS Series Logic ,QUAD EXCLUSIVE-OR/NOR GATE,
,74LS136,0,74 LS Series Logic ,QUAD 2-INPUTÊXOR GATEÊWITH OPEN COLLECTOR OUTPUTS,
,74LS137,0,74 LS Series Logic ,3 TO 8-LINE DECODER/DEMULTIPLEXERÊWITH ADDRESS LATCH,
,74LS138,0,74 LS Series Logic ,3 TO 8-LINE DECODER/DEMULTIPLEXER,
,74LS139,0,74 LS Series Logic ,DUAL 2 TO 4-LINE DECODER/DEMULTIPLEXER,
,74LS140,0,74 LS Series Logic ,DUAL 4-INPUT NAND LINE DRIVER,
,74LS141,0,74 LS Series Logic ,BCD TO DECIMAL DECODER/DRIVER FORÊCOLD-CATHODEÊINDICATOR/NIXIE TUBE,
,74LS142,0,74 LS Series Logic ,DECADE COUNTER/LATCH/DECODER/DRIVER FOR NIXIE TUBES,
,74LS143,0,74 LS Series Logic ,"DECADE COUNTER/LATCH/DECODER/7-SEGMENT DRIVER, 15ÊMA CONSTANT CURRENT",
,74LS144,0,74 LS Series Logic ,"DECADE COUNTER/LATCH/DECODER/7-SEGMENT DRIVER, 15ÊV OPEN COLLECTOR OUTPUTS",
,74LS145,0,74 LS Series Logic ,BCD TO DECIMAL DECODER/DRIVER,
,74LS147,0,74 LS Series Logic ,10-LINE TO 4-LINE PRIORITY ENCODER,
,74LS148,0,74 LS Series Logic ,8-LINE TO 3-LINE PRIORITY ENCODER,
,74LS150,0,74 LS Series Logic ,16-LINE TO 1-LINE DATA SELECTOR/MULTIPLEXER,
,74LS151,0,74 LS Series Logic ,8-LINE TO 1-LINE DATA SELECTOR/MULTIPLEXER,
,74LS152,0,74 LS Series Logic ,8-LINE TO 1-LINE DATA SELECTOR/MULTIPLEXER,
,74LS153,0,74 LS Series Logic ,DUAL 4-LINE TO 1-LINE DATA SELECTOR/MULTIPLEXER,
,74LS154,0,74 LS Series Logic ,4-LINE TO 16-LINE DECODER/DEMULTIPLEXER,
,74LS155,0,74 LS Series Logic ,DUAL 2-LINE TO 4-LINE DECODER/DEMULTIPLEXER,
,74LS156,0,74 LS Series Logic ,DUAL 2-LINE TO 4-LINE DECODER/DEMULTIPLEXER WITH OPEN COLLECTOR OUTPUTS,
,74LS157,0,74 LS Series Logic ,"QUAD 2-LINE TO 1-LINE DATA SELECTOR/MULTIPLEXER, NONINVERTING",
,74LS158,0,74 LS Series Logic ,"QUAD 2-LINE TO 1-LINE DATA SELECTOR/MULTIPLEXER, INVERTING",
,74LS159,0,74 LS Series Logic ,4-LINE TO 16-LINE DECODER/DEMULTIPLEXER WITH OPEN COLLECTOR OUTPUTS,
,74LS160,0,74 LS Series Logic ,SYNCHRONOUS 4-BIT DECADE COUNTER WITH ASYNCHRONOUS CLEAR,
,74LS161,0,74 LS Series Logic ,SYNCHRONOUS 4-BIT BINARY COUNTER WITH ASYNCHRONOUS CLEAR,
,74LS162,0,74 LS Series Logic ,SYNCHRONOUS 4-BIT DECADE COUNTER WITH SYNCHRONOUS CLEAR,
,74LS163,0,74 LS Series Logic ,SYNCHRONOUS 4-BIT BINARY COUNTER WITH SYNCHRONOUS CLEAR,
,74LS164,0,74 LS Series Logic ,8-BIT PARALLEL-OUT SERIAL SHIFT REGISTER WITH ASYNCHRONOUS CLEAR,
,74LS165,0,74 LS Series Logic ,"8-BIT SERIAL SHIFT REGISTER, PARALLEL LOAD, COMPLEMENTARY OUTPUTS",
,74LS166,0,74 LS Series Logic ,PARALLEL-LOAD 8-BIT SHIFT REGISTER,
,74LS167,0,74 LS Series Logic ,SYNCHRONOUS DECADE RATE MULTIPLIER,
,74LS168,0,74 LS Series Logic ,SYNCHRONOUS 4-BIT UP/DOWN DECADE COUNTER,
,74LS169,0,74 LS Series Logic ,SYNCHRONOUS 4-BIT UP/DOWN BINARY COUNTER,
,74LS170,0,74 LS Series Logic ,4 BY 4 REGISTER FILE WITH OPEN COLLECTOR OUTPUTS,
,74LS171,0,74 LS Series Logic ,QUAD D-TYPE FLIP-FLOPS WITH CLEAR,
,74LS172,0,74 LS Series Logic ,16-BIT MULTIPLE PORT REGISTER FILE WITH THREE-STATE OUTPUTS,
,74LS173,0,74 LS Series Logic ,QUAD D FLIP-FLOP WITH THREE-STATE OUTPUTS,
,74LS174,0,74 LS Series Logic ,HEX D FLIP-FLOP WITH COMMON CLEAR,
,74LS175,0,74 LS Series Logic ,QUAD D EDGE-TRIGGERED FLIP-FLOP WITH COMPLEMENTARY OUTPUTS AND ASYNCHRONOUS CLEAR,
,74LS176,0,74 LS Series Logic ,PRESETTABLE DECADE (BI-QUINARY) COUNTER/LATCH,
,74LS177,0,74 LS Series Logic ,PRESETTABLE BINARY COUNTER/LATCH,
,74LS178,0,74 LS Series Logic ,4-BIT PARALLEL-ACCESS SHIFT REGISTER,
,74LS179,0,74 LS Series Logic ,4-BIT PARALLEL-ACCESS SHIFT REGISTER WITH ASYNCHRONOUS CLEAR AND COMPLEMENTARY QDÊOUTPUTS,
,74LS180,0,74 LS Series Logic ,9-BIT ODD/EVENÊPARITY BITÊGENERATOR AND CHECKER,
,74LS181,0,74 LS Series Logic ,4-BIT ARITHMETIC LOGIC UNIT AND FUNCTION GENERATOR,
,74LS182,0,74 LS Series Logic ,LOOKAHEAD CARRY GENERATOR,
,74LS183,0,74 LS Series Logic ,DUAL CARRY-SAVEÊFULL ADDER,
,74LS184,0,74 LS Series Logic ,BCD TO BINARY CONVERTER,
,74LS185,0,74 LS Series Logic ,6-BIT BINARY TO BCD CONVERTER,
,74LS186,0,74 LS Series Logic ,512-BIT (64X8)ÊREAD-ONLY MEMORYÊWITH OPEN COLLECTOR OUTPUTS,
,74LS187,0,74 LS Series Logic ,1024-BIT (256X4) READ ONLY MEMORY WITH OPEN COLLECTOR OUTPUTS,
,74LS188,0,74 LS Series Logic ,256-BIT (32X8)ÊPROGRAMMABLE READ-ONLY MEMORYÊWITH OPEN COLLECTOR OUTPUTS,
,74LS189,0,74 LS Series Logic ,64-BIT (16X4) RAM WITH INVERTING THREE-STATE OUTPUTS,
,74LS190,0,74 LS Series Logic ,SYNCHRONOUS UP/DOWN DECADE COUNTER,
,74LS191,0,74 LS Series Logic ,SYNCHRONOUS UP/DOWN BINARY COUNTER,
,74LS192,0,74 LS Series Logic ,SYNCHRONOUS UP/DOWN DECADE COUNTER WITH CLEAR,
,74LS193,0,74 LS Series Logic ,SYNCHRONOUS UP/DOWN 4-BIT BINARY COUNTER WITH CLEAR,
,74LS194,0,74 LS Series Logic ,4-BIT BIDIRECTIONAL UNIVERSAL SHIFT REGISTER,
,74LS195,0,74 LS Series Logic ,4-BIT PARALLEL-ACCESS SHIFT REGISTER,
,74LS196,0,74 LS Series Logic ,PRESETTABLE DECADE COUNTER/LATCH,
,74LS197,0,74 LS Series Logic ,PRESETTABLE BINARY COUNTER/LATCH,
,74LS198,0,74 LS Series Logic ,8-BIT BIDIRECTIONAL UNIVERSAL SHIFT REGISTER,
,74LS199,0,74 LS Series Logic ,8-BIT BIDIRECTIONAL UNIVERSAL SHIFT REGISTER WITH J-NOT-K SERIAL INPUTS,
,74LS200,0,74 LS Series Logic ,256-BIT RAM WITH THREE-STATE OUTPUTS,
,74LS201,0,74 LS Series Logic ,256-BIT (256X1) RAM WITH THREE-STATE OUTPUTS,
,74LS206,0,74 LS Series Logic ,256-BIT RAM WITH OPEN COLLECTOR OUTPUTS,
,74LS209,0,74 LS Series Logic ,1024-BIT (1024X1) RAM WITH THREE-STATE OUTPUT,
,74LS210,0,74 LS Series Logic ,OCTAL BUFFER,
,74LS219,0,74 LS Series Logic ,64-BIT (16X4) RAM WITH NONINVERTING THREE-STATE OUTPUTS,
,74LS221,0,74 LS Series Logic ,DUAL MONOSTABLE MULTIVIBRATOR WITH SCHMITT TRIGGER INPUT,
,74LS222,0,74 LS Series Logic ,16 BY 4 SYNCHRONOUSÊFIFOÊMEMORY WITH THREE-STATE OUTPUTS,
,74LS224,0,74 LS Series Logic ,16 BY 4 SYNCHRONOUS FIFO MEMORY WITH THREE-STATE OUTPUTS,
,74LS225,0,74 LS Series Logic ,ASYNCHRONOUS 16X5 FIFO MEMORY,
,74LS226,0,74 LS Series Logic ,4-BIT PARALLEL LATCHED BUS TRANSCEIVER WITH THREE-STATE OUTPUTS,
,74LS227,0,74 LS Series Logic ,64-BIT FIFO MEMORIES 16X4,
,74LS228,0,74 LS Series Logic ,64-BIT FIFO MEMORIES 16X4 OPEN-COLLECTOR OUTPUTS,
,74LS230,0,74 LS Series Logic ,"OCTAL BUFFER/DRIVER WITH THREE-STATE OUTPUTS, TRUE AND COMPLEMENTARY INPUTS",
,74LS231,0,74 LS Series Logic ,"OCTAL BUFFER AND LINE DRIVER WITH THREE-STATE OUTPUTS, G AND /G COMPLEMENTARY INPUTS",
,74LS232,0,74 LS Series Logic ,QUAD NOR SCHMITT TRIGGER,
,74LS237,0,74 LS Series Logic ,"3-OF-8 DECODER/DEMULTIPLEXER WITH ADDRESS LATCH, ACTIVE HIGH OUTPUTS",
,74LS238,0,74 LS Series Logic ,"3-OF-8 DECODER/DEMULTIPLEXER, ACTIVE HIGH OUTPUTS",
,74LS239,0,74 LS Series Logic ,"DUAL 2-OF-4 DECODER/DEMULTIPLEXER, ACTIVE HIGH OUTPUTS",
,74LS240,0,74 LS Series Logic ,OCTAL BUFFER WITH INVERTED THREE-STATE OUTPUTS,
,74LS241,0,74 LS Series Logic ,OCTAL BUFFER WITH NONINVERTED THREE-STATE OUTPUTS,
,74LS242,0,74 LS Series Logic ,QUAD BUS TRANSCEIVER WITH INVERTED THREE-STATE OUTPUTS,
,74LS243,0,74 LS Series Logic ,QUAD BUS TRANSCEIVER WITH NONINVERTED THREE-STATE OUTPUTS,
,74LS244,0,74 LS Series Logic ,OCTAL BUFFER WITH NONINVERTED THREE-STATE OUTPUTS,
,74LS245,0,74 LS Series Logic ,OCTAL BUS TRANSCEIVER WITH NONINVERTED THREE-STATE OUTPUTS,
,74LS246,0,74 LS Series Logic ,BCD TO 7-SEGMENT DECODER/DRIVER WITH 30ÊV OPEN COLLECTOR OUTPUTS,
,74LS247,0,74 LS Series Logic ,BCD TO 7-SEGMENT DECODER/DRIVER WITH 15ÊV OPEN COLLECTOR OUTPUTS,
,74LS248,0,74 LS Series Logic ,BCD TO 7-SEGMENT DECODER/DRIVER WITH INTERNAL PULL-UP OUTPUTS,
,74LS249,0,74 LS Series Logic ,BCD TO 7-SEGMENT DECODER/DRIVER WITH OPEN COLLECTOR OUTPUTS,
,74LS250,0,74 LS Series Logic ,1 OF 16 DATA SELECTORS/MULTIPLEXERS,
,74LS251,0,74 LS Series Logic ,8-LINE TO 1-LINE DATA SELECTOR/MULTIPLEXER WITH COMPLEMENTARY THREE-STATE OUTPUTS,
,74LS253,0,74 LS Series Logic ,DUAL 4-LINE TO 1-LINE DATA SELECTOR/MULTIPLEXER WITH THREE-STATE OUTPUTS,
,74LS255,0,74 LS Series Logic ,DUAL 4-BIT ADDRESSABLE LATCH,
,74LS256,0,74 LS Series Logic ,DUAL 4-BIT ADDRESSABLE LATCH,
,74LS257,0,74 LS Series Logic ,QUAD 2-LINE TO 1-LINE DATA SELECTOR/MULTIPLEXER WITH NONINVERTED THREE-STATE OUTPUTS,
,74LS258,0,74 LS Series Logic ,QUAD 2-LINE TO 1-LINE DATA SELECTOR/MULTIPLEXER WITH INVERTED THREE-STATE OUTPUTS,
,74LS259,0,74 LS Series Logic ,8-BIT ADDRESSABLE LATCH,
,74LS260,0,74 LS Series Logic ,DUAL 5-INPUT NOR GATE,
,74LS261,0,74 LS Series Logic ,2-BIT BY 4-BIT PARALLEL BINARY MULTIPLIER,
,74LS264,0,74 LS Series Logic ,LOOK AHEAD CARRY GENERATOR,
,74LS265,0,74 LS Series Logic ,QUAD COMPLEMENTARY OUTPUT ELEMENTS,
,74LS266,0,74 LS Series Logic ,QUAD 2-INPUT XNOR GATE WITHÊOPEN COLLECTORÊOUTPUTS,
,74LS268,0,74 LS Series Logic ,"HEX D-TYPE LATCHES THREE-STATE OUTPUTS, COMMON OUTPUT CONTROL, COMMON ENABLE",
,74LS270,0,74 LS Series Logic ,2048-BIT (512X4) READ ONLY MEMORY WITH OPEN COLLECTOR OUTPUTS,
,74LS271,0,74 LS Series Logic ,2048-BIT (256X8) READ ONLY MEMORY WITH OPEN COLLECTOR OUTPUTS,
,74LS273,0,74 LS Series Logic ,8-BIT REGISTER WITH RESET,
,74LS274,0,74 LS Series Logic ,4-BIT BY 4-BIT BINARY MULTIPLIER,
,74LS275,0,74 LS Series Logic ,7-BIT SLICEÊWALLACE TREE,
,74LS276,0,74 LS Series Logic ,"QUAD J-NOT-K EDGE-TRIGGEREDÊFLIP-FLOPSÊWITH SEPARATE CLOCKS, COMMON PRESET AND CLEAR",
,74LS278,0,74 LS Series Logic ,4-BIT CASCADEABLE PRIORITY REGISTERS WITH LATCHED DATA INPUTS,
,74LS279,0,74 LS Series Logic ,QUAD SET-RESET LATCH,
,74LS280,0,74 LS Series Logic ,9-BIT ODD/EVENÊPARITY BITÊGENERATOR/CHECKER,
,74LS281,0,74 LS Series Logic ,4-BIT PARALLEL BINARY ACCUMULATOR,
,74LS282,0,74 LS Series Logic ,LOOK-AHEAD CARRY GENERATOR WITH SELECTABLE CARRY INPUTS,
,74LS283,0,74 LS Series Logic ,4-BIT BINARYÊFULL ADDER,
,74LS284,0,74 LS Series Logic ,4-BIT BY 4-BIT PARALLEL BINARY MULTIPLIER (LOW ORDER 4 BITS OF PRODUCT),
,74LS285,0,74 LS Series Logic ,4-BIT BY 4-BIT PARALLEL BINARY MULTIPLIER (HIGH ORDER 4 BITS OF PRODUCT),
,74LS286,0,74 LS Series Logic ,9-BIT PARITY GENERATOR/CHECKER WITH BUS DRIVER PARITY I/O PORT,
,74LS287,0,74 LS Series Logic ,1024-BIT (256X4)ÊPROGRAMMABLE READ-ONLY MEMORYÊWITH THREE-STATE OUTPUTS,
,74LS288,0,74 LS Series Logic ,256-BIT (32X8) PROGRAMMABLE READ-ONLY MEMORY WITH THREE-STATE OUTPUTS,
,74LS289,0,74 LS Series Logic ,64-BIT (16X4) RAM WITH OPEN COLLECTOR OUTPUTS,
,74LS290,0,74 LS Series Logic ,DECADE COUNTER (SEPARATE DIVIDE-BY-2 AND DIVIDE-BY-5 SECTIONS),
,74LS291,0,74 LS Series Logic ,"4-BIT UNIVERSAL SHIFT REGISTER, BINARY UP/DOWN COUNTER, SYNCHRONOUS",
,74LS292,0,74 LS Series Logic ,PROGRAMMABLE FREQUENCY DIVIDER/DIGITAL TIMER,
,74LS293,0,74 LS Series Logic ,4-BIT BINARY COUNTER (SEPARATE DIVIDE-BY-2 AND DIVIDE-BY-8 SECTIONS),
,74LS294,0,74 LS Series Logic ,PROGRAMMABLE FREQUENCY DIVIDER/DIGITAL TIMER,
,74LS295,0,74 LS Series Logic ,4-BIT BIDIRECTIONAL REGISTER WITH THREE-STATE OUTPUTS,
,74LS297,0,74 LS Series Logic ,DIGITALÊPHASE-LOCKED LOOPÊFILTER,
,74LS298,0,74 LS Series Logic ,QUAD 2-INPUT MULTIPLEXER WITH STORAGE,
,74LS299,0,74 LS Series Logic ,8-BIT BIDIRECTIONAL UNIVERSAL SHIFT/STORAGE REGISTER WITH THREE-STATE OUTPUTS,
,74LS301,0,74 LS Series Logic ,256-BIT (256X1)ÊRANDOM ACCESS MEMORYÊWITH OPEN COLLECTOR OUTPUT,
,74LS309,0,74 LS Series Logic ,1024-BIT (1024X1) RANDOM ACCESS MEMORY WITH OPEN COLLECTOR OUTPUT,
,74LS310,0,74 LS Series Logic ,OCTAL BUFFER WITH SCHMITT TRIGGER INPUTS,
,74LS314,0,74 LS Series Logic ,1024-BIT RANDOM ACCESS MEMORY,
,74LS319,0,74 LS Series Logic ,64-BIT RANDOM ACCESS MEMORIES 16X4 OPEN COLLECTOR OUTPUTS,
,74LS320,0,74 LS Series Logic ,CRYSTAL-CONTROLLEDÊOSCILLATOR,
,74LS321,0,74 LS Series Logic ,CRYSTAL-CONTROLLED OSCILLATORS WITH F/2 AND F/4 COUNT-DOWN OUTPUTS,
,74LS322,0,74 LS Series Logic ,"8-BIT SHIFT REGISTER WITH SIGN EXTEND, THREE-STATE OUTPUTS",
,74LS323,0,74 LS Series Logic ,8-BIT BIDIRECTIONAL UNIVERSAL SHIFT/STORAGE REGISTER WITH THREE-STATE OUTPUTS,
,74LS324,0,74 LS Series Logic ,VOLTAGE-CONTROLLED OSCILLATOR (OR CRYSTAL CONTROLLED),
,74LS340,0,74 LS Series Logic ,OCTAL BUFFER WITH SCHMITT TRIGGER INPUTS AND THREE-STATE INVERTED OUTPUTS,
,74LS341,0,74 LS Series Logic ,OCTAL BUFFER WITH SCHMITT TRIGGER INPUTS AND THREE-STATE NONINVERTED OUTPUTS,
,74LS344,0,74 LS Series Logic ,OCTAL BUFFER WITH SCHMITT TRIGGER INPUTS AND THREE-STATE NONINVERTED OUTPUTS,
,74LS347,0,74 LS Series Logic ,"BCD-TO-7 SEGMENT DECODERS/DRIVERS OPEN COLLECTOR OUTPUTS, LOW VOLTAGE VERSION OF 7447",
,74LS348,0,74 LS Series Logic ,8 TO 3-LINE PRIORITY ENCODER WITH THREE-STATE OUTPUTS,
,74LS350,0,74 LS Series Logic ,4-BIT SHIFTER WITH THREE-STATE OUTPUTS,
,74LS351,0,74 LS Series Logic ,DUAL 8-LINE TO 1-LINE DATA SELECTORS/MULTIPLEXERS WITH THREE-STATE OUTPUTS AND 4 COMMON DATA INPUTS,
,74LS352,0,74 LS Series Logic ,DUAL 4-LINE TO 1-LINE DATA SELECTORS/MULTIPLEXERS WITH INVERTING OUTPUTS,
,74LS353,0,74 LS Series Logic ,DUAL 4-LINE TO 1-LINE DATA SELECTORS/MULTIPLEXERS WITH INVERTING THREE-STATE OUTPUTS,
,74LS354,0,74 LS Series Logic ,"8 TO 1-LINE DATA SELECTOR/MULTIPLEXER WITH TRANSPARENT LATCH, THREE-STATE OUTPUTS",
,74LS355,0,74 LS Series Logic ,"8-LINE TO 1-LINE DATA SELECTOR/MULTIPLEXER WITH TRANSPARENT REGISTERS, OPEN-COLLECTOR OUTPUTS",
,74LS356,0,74 LS Series Logic ,"8 TO 1-LINE DATA SELECTOR/MULTIPLEXER WITH EDGE-TRIGGERED REGISTER, THREE-STATE OUTPUTS",
,74LS357,0,74 LS Series Logic ,"8-LINE TO 1-LINE DATA SELECTORS/MULTIPLEXERS/EDGE-TRIGGERED REGISTERS, OPEN-COLLECTOR OUTPUTS",
,74LS361,0,74 LS Series Logic ,BUBBLE MEMORYÊFUNCTION TIMING GENERATOR,
,74LS362,0,74 LS Series Logic ,FOUR-PHASE CLOCKÊGENERATOR/DRIVER,
,74LS363,0,74 LS Series Logic ,OCTAL THREE-STATE D-LATCHES,
,74LS365,0,74 LS Series Logic ,HEX BUFFER WITH NONINVERTED THREE-STATE OUTPUTS,
,74LS366,0,74 LS Series Logic ,HEX BUFFER WITH INVERTED THREE-STATE OUTPUTS,
,74LS367,0,74 LS Series Logic ,HEX BUFFER WITH NONINVERTED THREE-STATE OUTPUTS,
,74LS368,0,74 LS Series Logic ,HEX BUFFER WITH INVERTED THREE-STATE OUTPUTS,
,74LS370,0,74 LS Series Logic ,2048-BIT (512X4) READ-ONLY MEMORY WITH THREE-STATE OUTPUTS,
,74LS371,0,74 LS Series Logic ,2048-BIT (256X8) READ-ONLY MEMORY WITH THREE-STATE OUTPUTS,
,74LS373,0,74 LS Series Logic ,OCTAL TRANSPARENT LATCH WITH THREE-STATE OUTPUTS,
,74LS1G373,0,74 LS Series Logic ,SINGLE TRANSPARENT LATCH WITH THREE-STATE OUTPUT,
,74LS374,0,74 LS Series Logic ,OCTAL REGISTER WITH THREE-STATE OUTPUTS,
,74LS1G374,0,74 LS Series Logic ,SINGLE D-TYPE FLIP-FLOP WITH THREE-STATE OUTPUT,
,74LS375,0,74 LS Series Logic ,QUAD BISTABLE LATCH,
,74LS376,0,74 LS Series Logic ,QUAD J-NOT-K FLIP-FLOP WITH COMMON CLOCK AND COMMON CLEAR,
,74LS377,0,74 LS Series Logic ,8-BIT REGISTER WITH CLOCK ENABLE,
,74LS378,0,74 LS Series Logic ,6-BIT REGISTER WITH CLOCK ENABLE,
,74LS379,0,74 LS Series Logic ,4-BIT REGISTER WITH CLOCK ENABLE AND COMPLEMENTARY OUTPUTS,
,74LS380,0,74 LS Series Logic ,8-BIT MULTIFUNCTION REGISTER,
,74LS381,0,74 LS Series Logic ,4-BIT ARITHMETIC LOGIC UNIT/FUNCTION GENERATOR WITH GENERATE AND PROPAGATE OUTPUTS,
,74LS382,0,74 LS Series Logic ,4-BIT ARITHMETIC LOGIC UNIT/FUNCTION GENERATOR WITH RIPPLE CARRY AND OVERFLOW OUTPUTS,
,74LS384,0,74 LS Series Logic ,8-BIT BY 1-BIT TWO'S COMPLEMENT MULTIPLIERS,
,74LS385,0,74 LS Series Logic ,QUAD 4-BIT ADDER/SUBTRACTOR,
,74LS386,0,74 LS Series Logic ,QUAD 2-INPUTÊXOR GATE,
,74LS387,0,74 LS Series Logic ,1024-BIT (256X4) PROGRAMMABLE READ-ONLY MEMORY WITH OPEN COLLECTOR OUTPUTS,
,74LS388,0,74 LS Series Logic ,4-BIT REGISTER WITH STANDARD AND THREE-STATE OUTPUTS,
,74LS390,0,74 LS Series Logic ,DUAL 4-BIT DECADE COUNTER,
,74LS393,0,74 LS Series Logic ,DUAL 4-BIT BINARY COUNTER,
,74LS395,0,74 LS Series Logic ,4-BIT UNIVERSAL SHIFT REGISTER WITH THREE-STATE OUTPUTS,
,74LS396,0,74 LS Series Logic ,"OCTAL STORAGE REGISTERS, PARALLEL ACCESS",
,74LS398,0,74 LS Series Logic ,QUAD 2-INPUT MULTIPLEXERS WITH STORAGE AND COMPLEMENTARY OUTPUTS,
,74LS399,0,74 LS Series Logic ,QUAD 2-INPUT MULTIPLEXER WITH STORAGE,
,74LS405,0,74 LS Series Logic ,"1 TO 8 DECODER, EQUIVALENT TO INTEL 8205, ONLY FOUND AS UCY74S405 SO MIGHT BE NON-TI NUMBER",
,74LS408,0,74 LS Series Logic ,8-BITÊPARITYÊTREE,
,74LS412,0,74 LS Series Logic ,MULTI-MODE BUFFERED 8-BIT LATCHES WITH THREE-STATE OUTPUTS AND CLEAR,
,74LS422,0,74 LS Series Logic ,"RE-TRIGGERABLE MONO-STABLE MULTIVIBRATORS, TWO INPUTS",
,74LS423,0,74 LS Series Logic ,DUAL RETRIGGERABLE MONOSTABLE MULTIVIBRATOR,
,74LS424,0,74 LS Series Logic ,TWO-PHASE CLOCKÊGENERATOR/DRIVER,
,74LS425,0,74 LS Series Logic ,QUAD GATES WITH THREE-STATE OUTPUTS AND ACTIVE LOW ENABLES,
,74LS426,0,74 LS Series Logic ,QUAD GATES WITH THREE-STATE OUTPUTS AND ACTIVE HIGH ENABLES,
,74LS428,0,74 LS Series Logic ,SYSTEM CONTROLLER FOR 8080A,
,74LS436,0,74 LS Series Logic ,"LINE DRIVER/MEMORY DRIVER CIRCUITS - MOS MEMORY INTERFACE, DAMPING OUTPUT RESISTOR",
,74LS437,0,74 LS Series Logic ,LINE DRIVER/MEMORY DRIVER CIRCUITS - MOS MEMORY INTERFACE,
,74LS438,0,74 LS Series Logic ,SYSTEM CONTROLLER FOR 8080A,
,74LS440,0,74 LS Series Logic ,QUAD TRIDIRECTIONAL BUS TRANSCEIVER WITH NONINVERTED OPEN COLLECTOR OUTPUTS,
,74LS441,0,74 LS Series Logic ,QUAD TRIDIRECTIONAL BUS TRANSCEIVER WITH INVERTED OPEN COLLECTOR OUTPUTS,
,74LS442,0,74 LS Series Logic ,QUAD TRIDIRECTIONAL BUS TRANSCEIVER WITH NONINVERTED THREE-STATE OUTPUTS,
,74LS443,0,74 LS Series Logic ,QUAD TRIDIRECTIONAL BUS TRANSCEIVER WITH INVERTED THREE-STATE OUTPUTS,
,74LS444,0,74 LS Series Logic ,QUAD TRIDIRECTIONAL BUS TRANSCEIVER WITH INVERTED AND NONINVERTED THREE-STATE OUTPUTS,
,74LS445,0,74 LS Series Logic ,BCD-TO-DECIMAL DECODERS/DRIVERS,
,74LS446,0,74 LS Series Logic ,QUAD BUS TRANSCEIVERS WITH DIRECTION CONTROLS,
,74LS447,0,74 LS Series Logic ,"BCD-TO-7-SEGMENT DECODERS/DRIVERS, LOW VOLTAGE VERSION OF 74247",
,74LS448,0,74 LS Series Logic ,QUAD TRIDIRECTIONAL BUS TRANSCEIVER WITH INVERTED AND NONINVERTED OPEN COLLECTOR OUTPUTS,
,74LS449,0,74 LS Series Logic ,"QUAD BUS TRANSCEIVERS WITH DIRECTION CONTROLS, TRUE OUTPUTS",
,74LS450,0,74 LS Series Logic ,16-TO-1 MULTIPLEXER WITH COMPLEMENTARY OUTPUTS,
,74LS451,0,74 LS Series Logic ,DUAL 8-TO-1 MULTIPLEXER,
,74LS452,0,74 LS Series Logic ,"DUAL DECADE COUNTER, SYNCHRONOUS",
,74LS453,0,74 LS Series Logic ,"DUAL BINARY COUNTER, SYNCHRONOUS",
,74LS453,0,74 LS Series Logic ,QUAD 4-TO-1 MULTIPLEXER,
,74LS454,0,74 LS Series Logic ,"DUAL DECADE UP/DOWN COUNTER, SYNCHRONOUS, PRESET INPUT",
,74LS455,0,74 LS Series Logic ,"DUAL BINARY UP/DOWN COUNTER, SYNCHRONOUS, PRESET INPUT",
,74LS456,0,74 LS Series Logic ,NBCD (NATURAL BINARY CODED DECIMAL) ADDER,
,74LS460,0,74 LS Series Logic ,BUS TRANSFER SWITCH,
,74LS461,0,74 LS Series Logic ,8-BIT PRESETTABLE BINARY COUNTER WITH THREE-STATE OUTPUTS,
,74LS462,0,74 LS Series Logic ,FIBER-OPTIC LINK TRANSMITTER,
,74LS463,0,74 LS Series Logic ,FIBER-OPTIC LINK RECEIVER,
,74LS465,0,74 LS Series Logic ,OCTAL BUFFER WITH THREE-STATE TRUE OUTPUTS,
,74LS466,0,74 LS Series Logic ,OCTAL BUFFERS WITH THREE-STATE INVERTED OUTPUTS,
,74LS467,0,74 LS Series Logic ,OCTAL BUFFERS WITH THREE-STATE TRUE OUTPUTS,
,74LS468,0,74 LS Series Logic ,OCTAL BUFFERS WITH THREE-STATE INVERTED OUTPUTS,
,74LS469,0,74 LS Series Logic ,8-BIT SYNCHRONOUS UP/DOWN COUNTER WITH PARALLEL LOAD AND HOLD CAPABILITY,
,74LS470,0,74 LS Series Logic ,2048-BIT (256X8) PROGRAMMABLE READ-ONLY MEMORY WITH OPEN COLLECTOR OUTPUTS,
,74LS471,0,74 LS Series Logic ,2048-BIT (256X8) PROGRAMMABLE READ-ONLY MEMORY WITH THREE-STATE OUTPUTS,
,74LS472,0,74 LS Series Logic ,PROGRAMMABLE READ-ONLY MEMORY WITH OPEN COLLECTOR OUTPUTS,
,74LS473,0,74 LS Series Logic ,PROGRAMMABLE READ-ONLY MEMORY WITH THREE-STATE OUTPUTS,
,74LS474,0,74 LS Series Logic ,PROGRAMMABLE READ-ONLY MEMORY WITH OPEN COLLECTOR OUTPUTS,
,74LS475,0,74 LS Series Logic ,PROGRAMMABLE READ-ONLY MEMORY WITH THREE-STATE OUTPUTS,
,74LS481,0,74 LS Series Logic ,4-BIT SLICE CASCADABLE PROCESSOR ELEMENTS,
,74LS482,0,74 LS Series Logic ,4-BIT SLICE EXPANDABLE CONTROL ELEMENTS,
,74LS484,0,74 LS Series Logic ,BCD-TO-BINARY CONVERTER,
,74LS485,0,74 LS Series Logic ,BINARY-TO-BCD CONVERTER,
,74LS490,0,74 LS Series Logic ,DUAL DECADE COUNTER,
,74LS491,0,74 LS Series Logic ,10-BIT BINARY UP/DOWN COUNTER WITH LIMITED PRESET AND THREE-STATE OUTPUTS,
,74LS498,0,74 LS Series Logic ,8-BIT BIDIRECTIONAL SHIFT REGISTER WITH PARALLEL INPUTS AND THREE-STATE OUTPUTS,
,74LS508,0,74 LS Series Logic ,8-BIT MULTIPLIER/DIVIDER,
,74LS518,0,74 LS Series Logic ,"8-BIT COMPARATOR WITH OPEN COLLECTOR OUTPUT, INPUT PULL-UP RESISTOR",
,74LS519,0,74 LS Series Logic ,8-BIT COMPARATOR WITH OPEN COLLECTOR OUTPUT,
,74LS520,0,74 LS Series Logic ,"8-BIT COMPARATOR WITH INVERTED TOTEM-POLE OUTPUT, INPUT PULL-UP RESISTOR",
,74LS521,0,74 LS Series Logic ,8-BIT COMPARATOR WITH INVERTED TOTEM-POLE OUTPUT,
,74LS522,0,74 LS Series Logic ,"8-BIT COMPARATOR WITH INVERTED OPEN-COLLECTOR OUTPUT, INPUT PULL-UP RESISTOR",
,74LS526,0,74 LS Series Logic ,"FUSE PROGRAMMABLE IDENTITY COMPARATOR, 16-BIT",
,74LS527,0,74 LS Series Logic ,"FUSE PROGRAMMABLE IDENTITY COMPARATOR, 8-BIT + 4-BIT CONVENTIONAL IDENTITY COMPARATOR",
,74LS528,0,74 LS Series Logic ,"FUSE PROGRAMMABLE IDENTITY COMPARATOR, 12-BIT",
,74LS531,0,74 LS Series Logic ,OCTAL TRANSPARENT LATCH WITH 32 MA THREE-STATE OUTPUTS,
,74LS532,0,74 LS Series Logic ,OCTAL REGISTER WITH 32 MA THREE-STATE OUTPUTS,
,74LS533,0,74 LS Series Logic ,OCTAL TRANSPARENT LATCH WITH INVERTING THREE-STATE OUTPUTS,
,74LS534,0,74 LS Series Logic ,OCTAL REGISTER WITH INVERTING THREE-STATE OUTPUTS,
,74LS535,0,74 LS Series Logic ,OCTAL TRANSPARENT LATCH WITH INVERTING THREE-STATE OUTPUTS,
,74LS536,0,74 LS Series Logic ,OCTAL REGISTER WITH INVERTING 32 MA THREE-STATE OUTPUTS,
,74LS537,0,74 LS Series Logic ,BCD TO DECIMAL DECODER WITH THREE-STATE OUTPUTS,
,74LS538,0,74 LS Series Logic ,1 OF 8 DECODER WITH THREE-STATE OUTPUTS,
,74LS539,0,74 LS Series Logic ,DUAL 1 OF 4 DECODER WITH THREE-STATE OUTPUTS,
,74LS540,0,74 LS Series Logic ,INVERTING OCTAL BUFFER WITH THREE-STATE OUTPUTS,
,74LS541,0,74 LS Series Logic ,NON-INVERTING OCTAL BUFFER WITH THREE-STATE OUTPUTS,
,74LS544,0,74 LS Series Logic ,NON-INVERTING OCTAL REGISTERED TRANSCEIVER WITH THREE-STATE OUTPUTS,
,74LS558,0,74 LS Series Logic ,8-BIT BY 8-BIT MULTIPLIER WITH THREE-STATE OUTPUTS,
,74LS560,0,74 LS Series Logic ,4-BIT DECADE COUNTER WITH THREE-STATE OUTPUTS,
,74LS561,0,74 LS Series Logic ,4-BIT BINARY COUNTER WITH THREE-STATE OUTPUTS,
,74LS563,0,74 LS Series Logic ,8-BIT D-TYPE TRANSPARENT LATCH WITH INVERTING THREE-STATE OUTPUTS,
,74LS564,0,74 LS Series Logic ,8-BIT D-TYPE EDGE-TRIGGERED REGISTER WITH INVERTING THREE-STATE OUTPUTS,
,74LS568,0,74 LS Series Logic ,DECADE UP/DOWN COUNTER WITH THREE-STATE OUTPUTS,
,74LS569,0,74 LS Series Logic ,BINARY UP/DOWN COUNTER WITH THREE-STATE OUTPUTS,
,74LS573,0,74 LS Series Logic ,OCTAL D-TYPE TRANSPARENT LATCH WITH THREE-STATE OUTPUTS,
,74LS574,0,74 LS Series Logic ,OCTAL D-TYPE EDGE-TRIGGERED FLIP-FLOP WITH THREE-STATE OUTPUTS,
,74LS575,0,74 LS Series Logic ,"OCTAL D-TYPE FLIP-FLOP WITH SYNCHRONOUS CLEAR, THREE-STATE OUTPUTS",
,74LS576,0,74 LS Series Logic ,OCTAL D-TYPE FLIP-FLOP WITH INVERTING THREE-STATE OUTPUTS,
,74LS577,0,74 LS Series Logic ,"OCTAL D-TYPE FLIP-FLOP WITH SYNCHRONOUS CLEAR, INVERTING THREE-STATE OUTPUTS",
,74LS580,0,74 LS Series Logic ,OCTAL TRANSCEIVER/LATCH WITH INVERTING THREE-STATE OUTPUTS,
,74LS589,0,74 LS Series Logic ,"8-BIT SHIFT REGISTER WITH INPUT LATCH, THREE-STATE OUTPUTS",
,74LS590,0,74 LS Series Logic ,8-BIT BINARY COUNTER WITH OUTPUT REGISTERS AND THREE-STATE OUTPUTS,
,74LS591,0,74 LS Series Logic ,"8-BIT BINARY COUNTERS WITH OUTPUT REGISTERS, OPEN-COLLECTOR OUTPUTS",
,74LS592,0,74 LS Series Logic ,8-BIT BINARY COUNTER WITH INPUT REGISTERS,
,74LS593,0,74 LS Series Logic ,8-BIT BINARY COUNTER WITH INPUT REGISTERS AND THREE-STATE OUTPUTS,
,74LS594,0,74 LS Series Logic ,8-BIT SHIFT REGISTERS WITH OUTPUT LATCHES,
,74LS595,0,74 LS Series Logic ,"8-BIT SHIFT REGISTERS WITH OUTPUT LATCHES, THREE-STATE PARALLEL OUTPUTS",
,74LS596,0,74 LS Series Logic ,"8-BIT SHIFT REGISTERS WITH OUTPUT LATCHES, OPEN-COLLECTOR PARALLEL OUTPUTS",
,74LS597,0,74 LS Series Logic ,8-BIT SHIFT REGISTERS WITH INPUT LATCHES,
,74LS598,0,74 LS Series Logic ,8-BIT SHIFT REGISTER WITH INPUT LATCHES,
,74LS599,0,74 LS Series Logic ,"8-BIT SHIFT REGISTERS WITH OUTPUT LATCHES, OPEN-COLLECTOR OUTPUTS",
,74LS600,0,74 LS Series Logic ,"DYNAMIC MEMORY REFRESH CONTROLLER, TRANSPARENT AND BURST MODES, FOR 4K OR 16K DRAMS",
,74LS601,0,74 LS Series Logic ,"DYNAMIC MEMORY REFRESH CONTROLLER, TRANSPARENT AND BURST MODES, FOR 64K DRAMS",
,74LS602,0,74 LS Series Logic ,"DYNAMIC MEMORY REFRESH CONTROLLER, CYCLE STEAL AND BURST MODES, FOR 4K OR 16K DRAMS",
,74LS603,0,74 LS Series Logic ,"DYNAMIC MEMORY REFRESH CONTROLLER, CYCLE STEAL AND BURST MODES, FOR 64K DRAMS",
,74LS604,0,74 LS Series Logic ,"OCTAL 2-INPUT MULTIPLEXER WITH LATCH, HIGH-SPEED, WITH THREE-STATE OUTPUTS",
,74LS605,0,74 LS Series Logic ,"LATCH, HIGH-SPEED, WITH OPEN COLLECTOR OUTPUTS",
,74LS606,0,74 LS Series Logic ,"OCTAL 2-INPUT MULTIPLEXER WITH LATCH, GLITCH-FREE, WITH THREE-STATE OUTPUTS",
,74LS607,0,74 LS Series Logic ,"OCTAL 2-INPUT MULTIPLEXER WITH LATCH, GLITCH-FREE, WITH OPEN COLLECTOR OUTPUTS",
,74LS608,0,74 LS Series Logic ,MEMORY CYCLE CONTROLLER,
,74LS610,0,74 LS Series Logic ,"MEMORY MAPPER, LATCHED, THREE-STATE OUTPUTS",
,74LS611,0,74 LS Series Logic ,"MEMORY MAPPER, LATCHED, OPEN COLLECTOR OUTPUTS",
,74LS612,0,74 LS Series Logic ,"MEMORY MAPPER, THREE-STATE OUTPUTS",
,74LS613,0,74 LS Series Logic ,"MEMORY MAPPER, OPEN COLLECTOR OUTPUTS",
,74LS618,0,74 LS Series Logic ,SCHMITT TRIGGER POSITIVE-NAND GATES WITH TOTEM-POLE OUTPUTS,
,74LS619,0,74 LS Series Logic ,SCHMITT TRIGGER INVERTERS WITH TOTEM-POLE OUTPUTS,
,74LS620,0,74 LS Series Logic ,"OCTAL BUS TRANSCEIVER, INVERTING, THREE-STATE OUTPUTS",
,74LS621,0,74 LS Series Logic ,"OCTAL BUS TRANSCEIVER, NONINVERTING, OPEN COLLECTOR OUTPUTS",
,74LS622,0,74 LS Series Logic ,"OCTAL BUS TRANSCEIVER, INVERTING, OPEN COLLECTOR OUTPUTS",
,74LS623,0,74 LS Series Logic ,"OCTAL BUS TRANSCEIVER, NONINVERTING, THREE-STATE OUTPUTS",
,74LS624,0,74 LS Series Logic ,"VOLTAGE-CONTROLLED OSCILLATOR WITH ENABLE CONTROL, RANGE CONTROL, TWO-PHASE OUTPUTS",
,74LS625,0,74 LS Series Logic ,DUAL VOLTAGE-CONTROLLED OSCILLATOR WITH TWO-PHASE OUTPUTS,
,74LS626,0,74 LS Series Logic ,"DUAL VOLTAGE-CONTROLLED OSCILLATOR WITH ENABLE CONTROL, TWO-PHASE OUTPUTS",
,74LS627,0,74 LS Series Logic ,DUAL VOLTAGE-CONTROLLED OSCILLATOR,
,74LS628,0,74 LS Series Logic ,"VOLTAGE-CONTROLLED OSCILLATOR WITH ENABLE CONTROL, RANGE CONTROL, EXTERNAL TEMPERATURE COMPENSATION, AND TWO-PHASE OUTPUTS",
,74LS629,0,74 LS Series Logic ,"DUAL VOLTAGE-CONTROLLED OSCILLATOR WITH ENABLE CONTROL, RANGE CONTROL",
,74LS630,0,74 LS Series Logic ,16-BIT ERROR DETECTION AND CORRECTION (EDAC) WITH THREE-STATE OUTPUTS,
,74LS631,0,74 LS Series Logic ,16-BIT ERROR DETECTION AND CORRECTION WITH OPEN COLLECTOR OUTPUTS,
,74LS632,0,74 LS Series Logic ,"32-BIT PARALLEL ERROR DETECTION AND CORRECTION, THREE-STATE OUTPUTS, BYTE-WRITE",
,74LS633,0,74 LS Series Logic ,"32-BIT PARALLEL ERROR DETECTION AND CORRECTION, OPEN-COLLECTOR OUTPUTS, BYTE-WRITE",
,74LS634,0,74 LS Series Logic ,"32-BIT PARALLEL ERROR DETECTION AND CORRECTION, THREE-STATE OUTPUTS",
,74LS635,0,74 LS Series Logic ,"32-BIT PARALLEL ERROR DETECTION AND CORRECTION, OPEN-COLLECTOR OUTPUTS",
,74LS638,0,74 LS Series Logic ,OCTAL BUS TRANSCEIVER WITH INVERTING THREE-STATE OUTPUTS,
,74LS639,0,74 LS Series Logic ,OCTAL BUS TRANSCEIVER WITH NONINVERTING THREE-STATE OUTPUTS,
,74LS640,0,74 LS Series Logic ,OCTAL BUS TRANSCEIVER WITH INVERTING THREE-STATE OUTPUTS,
,74LS641,0,74 LS Series Logic ,OCTAL BUS TRANSCEIVER WITH NONINVERTING OPEN COLLECTOR OUTPUTS,
,74LS642,0,74 LS Series Logic ,OCTAL BUS TRANSCEIVER WITH INVERTING OPEN COLLECTOR OUTPUTS,
,74LS643,0,74 LS Series Logic ,OCTAL BUS TRANSCEIVER WITH MIX OF INVERTING AND NONINVERTING THREE-STATE OUTPUTS,
,74LS644,0,74 LS Series Logic ,OCTAL BUS TRANSCEIVER WITH MIX OF INVERTING AND NONINVERTING OPEN COLLECTOR OUTPUTS,
,74LS645,0,74 LS Series Logic ,OCTAL BUS TRANSCEIVER,
,74LS646,0,74 LS Series Logic ,OCTAL BUS TRANSCEIVER/LATCH/MULTIPLEXER WITH NONINVERTING THREE-STATE OUTPUTS,
,74LS647,0,74 LS Series Logic ,OCTAL BUS TRANSCEIVER/LATCH/MULTIPLEXER WITH NONINVERTING OPEN COLLECTOR OUTPUTS,
,74LS648,0,74 LS Series Logic ,OCTAL BUS TRANSCEIVER/LATCH/MULTIPLEXER WITH INVERTING THREE-STATE OUTPUTS,
,74LS649,0,74 LS Series Logic ,OCTAL BUS TRANSCEIVER/LATCH/MULTIPLEXER WITH INVERTING OPEN COLLECTOR OUTPUTS,
,74LS651,0,74 LS Series Logic ,OCTAL BUS TRANSCEIVER/REGISTER WITH INVERTING THREE-STATE OUTPUTS,
,74LS652,0,74 LS Series Logic ,OCTAL BUS TRANSCEIVER/REGISTER WITH NONINVERTING THREE-STATE OUTPUTS,
,74LS653,0,74 LS Series Logic ,OCTAL BUS TRANSCEIVER/REGISTER WITH INVERTING THREE-STATE AND OPEN COLLECTOR OUTPUTS,
,74LS654,0,74 LS Series Logic ,OCTAL BUS TRANSCEIVER/REGISTER WITH NONINVERTING THREE-STATE AND OPEN COLLECTOR OUTPUTS,
,74LS658,0,74 LS Series Logic ,"OCTAL BUS TRANSCEIVER WITH PARITY, INVERTING",
,74LS659,0,74 LS Series Logic ,"OCTAL BUS TRANSCEIVER WITH PARITY, NONINVERTING",
,74LS664,0,74 LS Series Logic ,"OCTAL BUS TRANSCEIVER WITH PARITY, INVERTING",
,74LS665,0,74 LS Series Logic ,"OCTAL BUS TRANSCEIVER WITH PARITY, NONINVERTING",
,74LS668,0,74 LS Series Logic ,SYNCHRONOUS 4-BIT DECADE UP/DOWN COUNTER,
,74LS669,0,74 LS Series Logic ,SYNCHRONOUS 4-BIT BINARY UP/DOWN COUNTER,
,74LS670,0,74 LS Series Logic ,4 BY 4 REGISTER FILE WITH THREE-STATE OUTPUTS,
,74LS671,0,74 LS Series Logic ,4-BIT BIDIRECTIONAL SHIFT REGISTER/LATCH/MULTIPLEXER WITH THREE-STATE OUTPUTS,
,74LS672,0,74 LS Series Logic ,4-BIT BIDIRECTIONAL SHIFT REGISTER/LATCH/MULTIPLEXER WITH THREE-STATE OUTPUTS,
,74LS673,0,74 LS Series Logic ,"16-BIT SERIAL-IN SERIAL-OUT SHIFT REGISTER WITH OUTPUT STORAGE REGISTERS, THREE-STATE OUTPUTS",
,74LS674,0,74 LS Series Logic ,16-BIT PARALLEL-IN SERIAL-OUT SHIFT REGISTER WITH THREE-STATE OUTPUTS,
,74LS677,0,74 LS Series Logic ,16-BIT ADDRESSÊCOMPARATORÊWITH ENABLE,
,74LS678,0,74 LS Series Logic ,16-BIT ADDRESS COMPARATOR WITH LATCH,
,74LS679,0,74 LS Series Logic ,12-BIT ADDRESS COMPARATOR WITH LATCH,
,74LS680,0,74 LS Series Logic ,12-BIT ADDRESS COMPARATOR WITH ENABLE,
,74LS681,0,74 LS Series Logic ,4-BIT PARALLEL BINARY ACCUMULATOR,
,74LS682,0,74 LS Series Logic ,8-BITÊMAGNITUDE COMPARATOR,
,74LS683,0,74 LS Series Logic ,8-BIT MAGNITUDE COMPARATOR WITH OPEN COLLECTOR OUTPUTS,
,74LS684,0,74 LS Series Logic ,8-BIT MAGNITUDE COMPARATOR,
,74LS685,0,74 LS Series Logic ,8-BIT MAGNITUDE COMPARATOR WITH OPEN COLLECTOR OUTPUTS,
,74LS686,0,74 LS Series Logic ,8-BIT MAGNITUDE COMPARATOR WITH ENABLE,
,74LS687,0,74 LS Series Logic ,8-BIT MAGNITUDE COMPARATOR WITH ENABLE,
,74LS688,0,74 LS Series Logic ,8-BIT EQUALITY COMPARATOR,
,74LS689,0,74 LS Series Logic ,8-BIT MAGNITUDE COMPARATOR WITH OPEN COLLECTOR OUTPUTS,
,74LS690,0,74 LS Series Logic ,"4-BIT DECIMAL COUNTER/LATCH/MULTIPLEXER WITH ASYNCHRONOUS RESET, THREE-STATE OUTPUTS",
,74LS691,0,74 LS Series Logic ,"4-BIT BINARY COUNTER/LATCH/MULTIPLEXER WITH ASYNCHRONOUS RESET, THREE-STATE OUTPUTS",
,74LS692,0,74 LS Series Logic ,"4-BIT DECIMAL COUNTER/LATCH/MULTIPLEXER WITH SYNCHRONOUS RESET, THREE-STATE OUTPUTS",
,74LS693,0,74 LS Series Logic ,"4-BIT BINARY COUNTER/LATCH/MULTIPLEXER WITH SYNCHRONOUS RESET, THREE-STATE OUTPUTS",
,74LS694,0,74 LS Series Logic ,"4-BIT DECIMAL COUNTER/LATCH/MULTIPLEXER WITH SYNCHRONOUS AND ASYNCHRONOUS RESETS, THREE-STATE OUTPUTS",
,74LS695,0,74 LS Series Logic ,"4-BIT BINARY COUNTER/LATCH/MULTIPLEXER WITH SYNCHRONOUS AND ASYNCHRONOUS RESETS, THREE-STATE OUTPUTS",
,74LS696,0,74 LS Series Logic ,"4-BIT DECIMAL COUNTER/REGISTER/MULTIPLEXER WITH ASYNCHRONOUS RESET, THREE-STATE OUTPUTS",
,74LS697,0,74 LS Series Logic ,"4-BIT BINARY COUNTER/REGISTER/MULTIPLEXER WITH ASYNCHRONOUS RESET, THREE-STATE OUTPUTS",
,74LS698,0,74 LS Series Logic ,"4-BIT DECIMAL COUNTER/REGISTER/MULTIPLEXER WITH SYNCHRONOUS RESET, THREE-STATE OUTPUTS",
,74LS699,0,74 LS Series Logic ,"4-BIT BINARY COUNTER/REGISTER/MULTIPLEXER WITH SYNCHRONOUS RESET, THREE-STATE OUTPUTS",
,74LS716,0,74 LS Series Logic ,PROGRAMMABLE DECADE COUNTER,
,74LS718,0,74 LS Series Logic ,PROGRAMMABLE BINARY COUNTER,
,74LS724,0,74 LS Series Logic ,VOLTAGE-CONTROLLED MULTIVIBRATOR,
,74LS740,0,74 LS Series Logic ,"OCTAL BUFFER/LINE DRIVER, INVERTING, THREE-STATE OUTPUTS",
,74LS741,0,74 LS Series Logic ,"OCTAL BUFFER/LINE DRIVER, NONINVERTING, THREE-STATE OUTPUTS, MIXED ENABLE POLARITY",
,74LS744,0,74 LS Series Logic ,"OCTAL BUFFER/LINE DRIVER, NONINVERTING, THREE-STATE OUTPUTS",
,74LS748,0,74 LS Series Logic ,8 TO 3-LINE PRIORITY ENCODER,
,74LS779,0,74 LS Series Logic ,8-BIT BIDIRECTIONAL BINARY COUNTER (THREE-STATE),
,74LS783,0,74 LS Series Logic ,SYNCHRONOUS ADDRESS MULTIPLEXER,
,74LS790,0,74 LS Series Logic ,ERROR DETECTION AND CORRECTION (EDAC),
,74LS794,0,74 LS Series Logic ,8-BIT REGISTER WITH READBACK,
,74LS795,0,74 LS Series Logic ,OCTAL BUFFER WITH THREE-STATE OUTPUTS,
,74LS796,0,74 LS Series Logic ,OCTAL BUFFER WITH THREE-STATE OUTPUTS,
,74LS797,0,74 LS Series Logic ,OCTAL BUFFER WITH THREE-STATE OUTPUTS,
,74LS798,0,74 LS Series Logic ,OCTAL BUFFER WITH THREE-STATE OUTPUTS,
,74LS804,0,74 LS Series Logic ,HEX 2-INPUT NAND DRIVERS,
,74LS805,0,74 LS Series Logic ,HEX 2-INPUT NOR DRIVERS,
,74LS808,0,74 LS Series Logic ,HEX 2-INPUT AND DRIVERS,
,74LS822,0,74 LS Series Logic ,10-BIT BUS INTERFACE FLIP-FLOP WITH THREE-STATE OUTPUTS,
,74LS832,0,74 LS Series Logic ,HEX 2-INPUT OR DRIVERS,
,74LS848,0,74 LS Series Logic ,8 TO 3-LINE PRIORITY ENCODER WITH THREE-STATE OUTPUTS,
,74LS857,0,74 LS Series Logic ,HEX 2-LINE TO 1-LINE MULTIPLEXER WITH THREE-STATE OUTPUTS,
,74LS873,0,74 LS Series Logic ,OCTAL TRANSPARENT LATCH,
,74LS874,0,74 LS Series Logic ,OCTAL D-TYPE FLIP-FLOP,
,74LS876,0,74 LS Series Logic ,OCTAL D-TYPE FLIP-FLOP WITH INVERTING OUTPUTS,
,74LS878,0,74 LS Series Logic ,"DUAL 4-BIT D-TYPE FLIP-FLOP WITH SYNCHRONOUS CLEAR, NONINVERTING THREE-STATE OUTPUTS",
,74LS879,0,74 LS Series Logic ,"DUAL 4-BIT D-TYPE FLIP-FLOP WITH SYNCHRONOUS CLEAR, INVERTING THREE-STATE OUTPUTS",
,74LS880,0,74 LS Series Logic ,OCTAL TRANSPARENT LATCH WITH INVERTING OUTPUTS,
,74LS881,0,74 LS Series Logic ,ARITHMETIC LOGIC UNIT,
,74LS882,0,74 LS Series Logic ,32-BIT LOOKAHEAD CARRY GENERATOR,
,74LS888,0,74 LS Series Logic ,8-BIT SLICE PROCESSOR,
,74LS901,0,74 LS Series Logic ,HEX INVERTING TTL BUFFER,
,74LS902,0,74 LS Series Logic ,HEX NON-INVERTING TTL BUFFER,
,74LS903,0,74 LS Series Logic ,HEX INVERTING CMOS BUFFER,
,74LS904,0,74 LS Series Logic ,HEX NON-INVERTING CMOS BUFFER,
,74LS905,0,74 LS Series Logic ,12-BIT SUCCESSIVE APPROXIMATION REGISTER,
,74LS906,0,74 LS Series Logic ,HEX OPEN DRAIN N-CHANNEL BUFFERS,
,74LS907,0,74 LS Series Logic ,HEX OPEN DRAIN P-CHANNEL BUFFERS,
,74LS908,0,74 LS Series Logic ,DUAL CMOS 30ÊV RELAY DRIVER,
,74LS909,0,74 LS Series Logic ,QUAD VOLTAGE COMPARATOR,
,74LS910,0,74 LS Series Logic ,256X1 CMOS STATIC RAM,
,74LS911,0,74 LS Series Logic ,4-DIGIT EXPANDABLE DISPLAY CONTROLLER,
,74LS912,0,74 LS Series Logic ,6-DIGIT BCD DISPLAY CONTROLLER AND DRIVER,
,74LS914,0,74 LS Series Logic ,HEX SCHMITT TRIGGER WITH EXTENDED INPUT VOLTAGE,
,74LS915,0,74 LS Series Logic ,7-SEGMENT TO BCD DECODER,
,74LS917,0,74 LS Series Logic ,6-DIGIT HEX DISPLAY CONTROLLER AND DRIVER,
,74LS918,0,74 LS Series Logic ,DUAL CMOS 30ÊV RELAY DRIVER,
,74LS920,0,74 LS Series Logic ,256X4 CMOS STATIC RAM,
,74LS921,0,74 LS Series Logic ,256X4 CMOS STATIC RAM,
,74LS922,0,74 LS Series Logic ,16-KEY ENCODER,
,74LS923,0,74 LS Series Logic ,20-KEY ENCODER,
,74LS925,0,74 LS Series Logic ,4-DIGIT COUNTER/DISPLAY DRIVER,
,74LS926,0,74 LS Series Logic ,4-DIGIT DECADE COUNTER/DISPLAY DRIVER WITH CARRY OUT AND LATCH (UP TO 9999),
,74LS927,0,74 LS Series Logic ,"4-DIGIT TIMER COUNTER/DISPLAY DRIVER (UP TO 9599, INTENDED AS TIME ELAPSED)",
,74LS928,0,74 LS Series Logic ,4-DIGIT COUNTER/DISPLAY DRIVER (UP TO 1999),
,74LS929,0,74 LS Series Logic ,1024X1 CMOS STATIC RAM,
,74LS930,0,74 LS Series Logic ,1024X1 CMOS STATIC RAM,
,74LS932,0,74 LS Series Logic ,PHASE COMPARATOR,
,74LS933,0,74 LS Series Logic ,ADDRESS BUS COMPARATOR,
,74LS934,0,74 LS Series Logic ,#NAME?,
,74LS935,0,74 LS Series Logic ,3.5-DIGIT DIGITALÊVOLTMETERÊ(DVM) SUPPORT CHIP FOR MULTIPLEXED 7-SEGMENT DISPLAYS,
,74LS936,0,74 LS Series Logic ,3.75-DIGIT DIGITAL VOLTMETER (DVM) SUPPORT CHIP FOR MULTIPLEXED 7-SEGMENT DISPLAYS,
,74LS937,0,74 LS Series Logic ,#NAME?,
,74LS938,0,74 LS Series Logic ,#NAME?,
,74LS941,0,74 LS Series Logic ,OCTAL BUS/LINE DRIVERS/LINE RECEIVERS,
,74LS945,0,74 LS Series Logic ,4-DIGIT UP/DOWN COUNTER WITH DECODER AND DRIVER,
,74LS947,0,74 LS Series Logic ,4-DIGIT UP/DOWN COUNTER WITH DECODER AND DRIVER,
,74LS948,0,74 LS Series Logic ,#NAME?,
,74LS949,0,74 LS Series Logic ,#NAME?,
,74LS1005,0,74 LS Series Logic ,HEX INVERTING BUFFER WITH OPEN-COLLECTOR OUTPUT,
,74LS1035,0,74 LS Series Logic ,HEX NONINVERTING BUFFERS WITH OPEN-COLLECTOR OUTPUTS,
,74LS2960,0,74 LS Series Logic ,ERROR DETECTION AND CORRECTIONÊ(EDAC),
,74LS2961,0,74 LS Series Logic ,"EDAC BUS BUFFER, INVERTING",
,74LS2962,0,74 LS Series Logic ,"EDAC BUS BUFFER, NONINVERTING",
,74LS2968,0,74 LS Series Logic ,DYNAMIC MEMORY CONTROLLER,
,74LS2969,0,74 LS Series Logic ,MEMORY TIMING CONTROLLER FOR USE WITHÊEDAC,
,74LS2970,0,74 LS Series Logic ,MEMORY TIMING CONTROLLER FOR USE WITHOUT EDAC,
,74LS1G3208,0,74 LS Series Logic ,SINGLE 3-INPUT OR-AND GATE;,
,74LS4002,0,74 LS Series Logic ,DUAL 4-INPUT NOR GATE,
,74LS4015,0,74 LS Series Logic ,DUAL 4-BIT SHIFT REGISTERS,
,74LS4016,0,74 LS Series Logic ,QUAD BILATERAL SWITCH,
,74LS4017,0,74 LS Series Logic ,5-STAGE Ö10 JOHNSON COUNTER,
,74LS4020,0,74 LS Series Logic ,14-STAGE BINARY COUNTER,
,74LS4024,0,74 LS Series Logic ,7-STAGE RIPPLE CARRY BINARY COUNTER,
,74LS4028,0,74 LS Series Logic ,BCD TO DECIMAL DECODER,
,74LS4040,0,74 LS Series Logic ,12-STAGE BINARY RIPPLE COUNTER,
,74LS4046,0,74 LS Series Logic ,PHASE-LOCKED LOOP AND VOLTAGE-CONTROLLED OSCILLATOR,
,74LS4049,0,74 LS Series Logic ,HEX INVERTING BUFFER,
,74LS4050,0,74 LS Series Logic ,HEX BUFFER/CONVERTER (NON-INVERTING),
,74LS4051,0,74 LS Series Logic ,HIGH-SPEED CMOS 8-CHANNEL ANALOG MULTIPLEXER/DEMULTIPLEXER,
,74LS4052,0,74 LS Series Logic ,DUAL 4-CHANNEL ANALOG MULTIPLEXER/DEMULTIPLEXERS,
,74LS4053,0,74 LS Series Logic ,TRIPLE 2-CHANNEL ANALOG MULTIPLEXER/DEMULTIPLEXERS,
,74LS4059,0,74 LS Series Logic ,PROGRAMMABLE DIVIDE-BY-N COUNTER,
,74LS4060,0,74 LS Series Logic ,14-STAGE BINARY RIPPLE COUNTER WITH OSCILLATOR,
,74LS4066,0,74 LS Series Logic ,QUAD BILATERAL SWITCHES,
,74LS4067,0,74 LS Series Logic ,16-CHANNEL ANALOG MULTIPLEXER/DEMULTIPLEXER,
,74LS4075,0,74 LS Series Logic ,TRIPLE 3-INPUT OR GATE,
,74LS4078,0,74 LS Series Logic ,8-INPUT OR/NOR GATE,
,74LS4094,0,74 LS Series Logic ,8-BIT THREE-STATE SHIFT REGISTER/LATCH,
,74LS4316,0,74 LS Series Logic ,QUAD ANALOG SWITCH,
,74LS4351,0,74 LS Series Logic ,8-CHANNEL ANALOG MULTIPLEXER/DEMULTIPLEXER WITH LATCH,
,74LS4353,0,74 LS Series Logic ,TRIPLE 2-CHANNEL ANALOG MULTIPLEXER/DEMULTIPLEXER WITH LATCH,
,74LS4511,0,74 LS Series Logic ,BCD TO 7-SEGMENT DECODER,
,74LS4514,0,74 LS Series Logic ,4-TO-16 LINE DECODER/DEMULTIPLEXER WITH INPUT LATCHES,
,74LS4520,0,74 LS Series Logic ,DUAL 4-BIT SYNCHRONOUS BINARY COUNTER,
,74LS4538,0,74 LS Series Logic ,DUAL RETRIGGERABLE PRECISION MONOSTABLE MULTIVIBRATOR,
,74LS7007,0,74 LS Series Logic ,HEX BUFFER,
,74LS7266,0,74 LS Series Logic ,QUAD 2-INPUT XNOR GATE,
,74LS29841,0,74 LS Series Logic ,10-BIT BUS-INTERFACE D-TYPE LATCH WITH THREE-STATE OUTPUTS,
,74LS40103,0,74 LS Series Logic ,PRESETTABLE 8-BIT SYNCHRONOUS DOWN COUNTER,
,74LS40105,0,74 LS Series Logic ,4-BIT BY 16-WORD FIFO REGISTER,
,74HCT573,0,74 LS Series Logic ,Octal D-type transparent latch; 3-state,
,74HCT574,0,74 LS Series Logic ,Octal D-type flip-flop; positive edge-trigger; 3-state,
,2114,1,SRAM,SRAM static sensitive,
,74HCT4015,0,74 LS Series Logic ,DUAL 4-BIT SHIFT REGISTERS,
,DIN,0,Connector,DIN Connectors,
,Mini D,0,Connector,Mini - D Connectors,
,9 DIN,0,Connector,9 Pin DIN Connection Hood,
,DC 2.15x2.5,0,Power Jack,DC Power Jack 2.15mm 2.5mm,
,D Conn 9 S F,0,Connector,D - Conn 9 Pin Solder female,
,D Conn 9 S M,0,Connector,D - Conn 9 Pin Solder male,
,D Conn 9 IDC F,0,Connector,D - Conn 9 Pin IDC female,
,D Conn 9 IDC M,0,Connector,D - Conn 9 Pin IDC male,
,D Conn 15 S F,0,Connector,D - Conn 15 Pin Solder female,
,D Conn 15 S M,0,Connector,D - Conn 15 Pin Solder male,
,D Conn 15 IDC F,0,Connector,D - Conn 15 Pin IDC female,
,D Conn 15 IDC M,0,Connector,D - Conn 15 Pin IDC male,
,D Conn 25 S F,0,Connector,D - Conn 25 Pin Solder female,
,D Conn 25 S M,0,Connector,D - Conn 25 Pin Solder male,
,D Conn 25 IDC F,0,Connector,D - Conn 25 Pin IDC female,
,D Conn 25 IDC M,0,Connector,D - Conn 25 Pin IDC male,
,Molex P M 1,0,Connector,Molex male pins,
,Molex P F 1,0,Connector,Molex female pins,
,Molex C M 2,0,Connector,2 pin molex Conn Male,
,Molex C F 2,0,Connector,2 pin molex Conn Female,
,Molex C M 6,0,Connector,6 pin molex Conn Male,
,Molex C F 6,0,Connector,6 pin molex Conn Female,
,Molex C M 12,0,Connector,12 pin molex Conn Male,
,Molex C F 12,0,Connector,12 pin molex Conn Female,
,Molex P M 2,0,Connector,2p molex male,
,Molex P F 2,0,Connector,2p molex female,
,Molex P M 4,0,Connector,4p molex female,
,Molex P F 4,0,Connector,4p molex male,
,LM337,0,LM Series Integrated Chips,Neg. Adj. Regulator 1.5 A,
,LM338,0,LM Series Integrated Chips,Pos. Adj. Regulator 5 A,
,LM317,0,LM Series Integrated Chips,Pos. Adj. Regulator 3 A,
,78L05,0,LM Series Integrated Chips,Pos. 5V Regulator 100ma,
,7805,0,LM Series Integrated Chips,Pos. 5V Regulator 1.5 A,
,7905,0,LM Series Integrated Chips,Neg. 5V Regulator 1.5 A,
,79L12,0,LM Series Integrated Chips,Neg. 12V Regulator 100ma,
,7912,0,LM Series Integrated Chips,Neg. 12V Regulator 1.5 A,
,7812,0,LM Series Integrated Chips,Pos. 12V Regulator 1.5 A,
,78L15,0,LM Series Integrated Chips,Pos. 15V Regulator 100ma,
,7815,0,LM Series Integrated Chips,Pos. 15V Regulator 1.5 A,
,79L15,0,LM Series Integrated Chips,Neg. 15V Regulator 100ma,
,,0,LM Series Integrated Chips,Neg. 15V Regulator 1.5 A,
,7824,0,LM Series Integrated Chips,Pos. 24V Regulator 1.5 A,
,LM336Z,0,LM Series Integrated Chips,Neg. 2.5 Shunt Reg.,
,,,,Red LED T1,
,,,,Green LED,
,,,,Yellow LED,
,,,,Superbright Red LED,
,,,,Bicolor LED yellow/green,
,,,,Bicolor LED red/green,
,,,,LED mounts,
,,,,BCD to 7 Seg Driver,
,,,,BCD to 7 Seg Decoder,
,,,,CC 7 Seg display,
,,,,CA 7 Seg display,
,,,,Misc LED displays,
,,,,Solid State analog switch,
,,,,"Normally open, quad single-polesingle-throw (SPST) analog switches",
,,,,4 Mhz Ceramic Resonator,
,,,,40 Mhz Crystal Oscillator,
,,,,20 Mhz Crystal Oscillator,
,,,,10 Mhz Crystal Oscillator,
,,,,4 Mhz Crystal Oscillator,
,,,,Misc Crystal Oscillators,
,3AG .5 A,0,Fuses,,
,3AG 2 A Leads,0,Fuses,,
,3AG 5 A Leads,0,Fuses,,
,3AG 0.3 A,0,Fuses,,
,3AG 2 A,0,Fuses,,
,3AG 5 A,0,Fuses,,
,3AG .25 A,0,Fuses,,
,3AG 1.5 A,0,Fuses,,
,AGC 2A,0,Fuses,,
,AGC 4A,0,Fuses,,
,3AG 3/16 A,0,Fuses,,
,3AG 1 A,0,Fuses,,
,3AG 3 A,0,Fuses,,
,3AG 1/32 A,0,Fuses,,
,3AG .75 A,0,Fuses,,
,3AG 2.5 A,0,Fuses,,
,3AG SB .125 A,0,Fuses,,
,3AG SB .75 A,0,Fuses,,
,3AG SB 3 A,0,Fuses,,
,3AG SB 1/100 A,0,Fuses,,
,3AG SB .6 A,0,Fuses,,
,3AG SB 2 A,0,Fuses,,
,3AG SB 20 A,0,Fuses,,
,3AG SB 0.5 A,0,Fuses,,
,3AG SB 1.5 A,0,Fuses,,
,3AG 10 A,0,Fuses,,
,3AG SB 3/8 A,0,Fuses,,
,3AG SB 1 A,0,Fuses,,
,3AG 6A,0,Fuses,,
,3AG SB .25 A,0,Fuses,,
,3AG SB 8/10 A,0,Fuses,,
,3AG 32V 4A,0,Fuses,,
,3AG 32V 3A,0,Fuses,,
,3AG SB 10 A,0,Fuses,,
,3AG SB 8 A,0,Fuses,,
,3AG SB 5 A,0,Fuses,,
,3AG 32V 10 A,0,Fuses,,
,3AG 32V 15 A,0,Fuses,,
,GMA 0.5A,0,Fuses,,
,GMA 1 A,0,Fuses,,
,GMA 2 A,0,Fuses,,
,GMA 3 A,0,Fuses,,
,GMA 5 A,0,Fuses,,
,GMA 7 A,0,Fuses,,
,GMA 8 A,0,Fuses,,
,GMA 10 A,0,Fuses,,
,8AG 2 A,0,Fuses,,
,8AG 1/100 A,0,Fuses,,
,3AG 0.25 A,0,Fuses,,
,MDL 1 A,0,Fuses,,
,ABC 30,0,Fuses,,
,BK/ATC 20,0,Fuses,,
,Littelfuse 3AG 15/100 A SB,0,Fuses,,
,Littelfuse 3AG 1.25 A SB,0,Fuses,,
,Littelfuse 3AG 3/5 A SLC-BLD,0,Fuses,,
,Littelfuse 3AG 1/32,0,Fuses,,
,Littelfuse 3AG 3/8,0,Fuses,,
,Littelfuse 3AG .175 MA SB,0,Fuses,,
,Buss Fuses AGC 2/10 3AG,0,Fuses,,
,Littelfuse 3AG 1/32 A SB,0,Fuses,,
,Littelfuse 8AG 1/4,0,Fuses,,
,Allied Fuses 3AG 1/2,0,Fuses,,
,Littelfuse 3AG .175 MA,0,Fuses,,
,Buss Fuses ABC 2 3AB,0,Fuses,,
,Littelfuse 3AG 1/32 A,0,Fuses,,
,Littelfuse 8AG 3/8,0,Fuses,,
,Littelfuse Micro 2 A,0,Fuses,,
,Littelfuse 3AG 1.25 A,0,Fuses,,
,Littelfuse 8AG 5 A,0,Fuses,,
,Littelfuse 3AG 1/16 ,0,Fuses,,
,Littelfuse 3AG 1/32 A SP,0,Fuses,,
,,,,Speaker Terminal,
,,,,Binding Posts,
,,,,BNC Panel Connectors,
,,,,RCA (phono) jack black/red,
,,,,"1/4"" mono jack",
,,,,"1/4"" mono plug",
,,,,RCA (phono) plug,
,,,,3.5 mm Jack,
,,,,Tip jacks sockets,
,,,,Alligator Clips small black/red,
,,,,Alligator Clips,
,,,,Black Clip covers,
,,,,Red Clip covers,
,,,,3.5mm Plug Mono,
,,,,3.5mm Plug Stereo,
,,,,3.5mm Jack Stereo Inline,
,,,,Phono Jacks,
,,,,Ribbon Headers,
,,,,PGA sockets,
,,,,Ribbon Header 20 pin,
,,,,Ribbon Header 40 pin,
,,,,IDC Header 14 pin,
,,,,IDC Header 16 pin,
,,,,IDC Header 24 pin,
,,,,IDC Header 28 pin,
,,,,DIP Header 14 pin,
,,,,4 Pos DIP switch,
,,,,6 Pos DIP switch,
,,,,8 Pos DIP switch,
,,,,Momentary Switches (Push Buttons),
,,,,IC Socket 8 pin,
,,,,IC Socket 14 pin,
,,,,IC Socket 16 pin,
,,,,IC Socket 20 pin,
,,,,IC Socket 24 pin,
,,,,IC Socket 28 pin,
,,,,IC Socket 40 pin,
,,,,Banana to EZ clips,
,,,,BNC - T,
,,,,Battery Holders and Clips,
,,,,BNC - F EZ clips Male,
,,,,BNC - F EZ clips Female,
,,,,Alligator Clips,
,,,,Relays 5V coil SPST,
,,,,Relays 115 VAC coil,
,,,,Relays solid state,
,,,,Relay DPDT,
,,,,Relays 12V coil,
,,,,Ground Isolator,
,,,,BNC to RCA (phono),
,,,,BNC to dual banana,
,,,,Terminal Strips and Terminals ,
,,,,Relays 24V coil,
,,,,Small Speakers,
,,,,6V solenoid,
,,,,Wire Strippers,
,,,,Wire Cutters,
,,,,Pliers,
,,,,Multimeter,
,,,,Manual Pulse Probe,
,,,,LabPot 10K,
,,,,6.3V AC ,
,,,,Blowdryer,
,,,,Hexagonal Socket Screwdrivers,
,,,,Phillps Head Screwdrivers,
,,,,Slot Head Screwdrivers,
,,,,T49 M Klipwrap Terminal,
,"Nuts, Bolts, Screws",,,Several Unknown,
,,,,Mike ET,
,CM 344,,,Miniature Lamp,
,,,,Meter Fuses,
,,,,1K Potentiometer,
,,,,2K Potentiometer,
,,,,5K Potentiometer,
,,,,10K Potentiometer,
,,,,25K Potentiometer,
,,,,50K Potentiometer,
,,,,100K Potentiometer,
,,,,100 OHM Potentiometer,
,,,,1K Potentiometer,
,,,,in5294,
,,,,555 Timer,
,,,,7555 Timer,
,LM324,,,Quad opamp,
,LM319,,,High Speed Dual Comparator,
,2N5088,,,NPN Amp,
,LF411,,,"Low Offset, Low Drift JFET Input Operational Amplifier.",
,CA3096,,,high voltage silicon transistor arrays,
,MC1455,,,Monolithic timing circuitÊ,
,LM358,,,,
,LF353,,,,
,LPT100,,,,
,LM741,,,,
,,,,#47 Lamp & Sockets,
,CA339,,,Quad Comparator,
,LM386,,,,
,LM311,,,,
,LF356,,,,
,LF347,,,Jfet quad opamp,
,1N914,,,,